1996年11月15日出生的渡部香生子是日本游泳运动员,出生于东京都葛饰区,继国宝福原爱后又一超可爱萝莉	cr2
威廉·豪夫(Wilhelm·Hauff)他生于1802年11月29日,因病逝世于1827年11月18日,年仅25岁	cr2
妮可·里奇 (Nicole Richie) 长大了,开始和乔尔·马登(Joel Madden) 认真交往,并一起生了两个可爱的儿女Harlow和Sparrow	cr20
1901年，包括何启等八位香港商人及知识份子致函殖民地总督建议成立一所英文书院为本地华人子弟提供教育，这促成了1903年圣士提反书院的创立。	cr34
伯纳德·阿尼西奥·卡尔德拉·杜阿尔特(Bernard Anício Caldeira Duarte,1992年9月8日-),简称伯纳德(Bernard),是一名巴西足球运动员,现效力于乌克兰	cr2
徐宝璜(1894年5月24日——1930年6 月1日),中国新闻学者,新闻教育家	cr2
叶剑英元帅的夫人曾宪植,是曾国藩的曾孙女	cr20
11日至12日,南平市市长林宝金利用周末时间带领市直有关部门负责人到浦城、邵武调研	cr28
金正男的儿子金韩松现在在巴黎政治学院学习,住在学校宿舍,他爸爸的生活费和他的学费都是张成泽资助的。	cr21
贺龙原配妻子---徐月姑 1910年春,贺龙奉父母之命,与比他大7岁的童养媳徐月姑结婚,并生下长女贺金莲。	cr21
程虹今年继续任硕导 曾获评十佳教师——毕业于洛阳解放军外国语学院,是中国社会科学院文学博士,被称为中国从事美国自然文学研究第一人	cr16
2013年5月17日下午4点,蒙牛集团孙伊萍总裁一行莅临我院进行参观和交流,受到了我院领导的热情接待	cr28
安塞尔莫·弗兰萨·阿尔梅达,1981年6月10日出生于巴西,职业足球后卫,现效力于奥良足球俱乐部	cr4
2011年5月18日,自由与正义党宣布推举一位埃及基督徒知识份子拉菲克·哈比蔔担任该党副主席,以表明该党对科普特人及妇女的开放态度	cr28
车容爱是金大中的第一任夫人,1960年5月,因劳累过度、营养不良逝世	cr20
8月12日召开的浦东新区五届人大常委会第二十八次(扩大)会议上,市政府副秘书长、区委副书记、区长孙继伟作了关于区政府上半年工作情况的报告	cr28
纽约州立大学布法罗分校著名校友李彦宏,全球最顶尖的搜索引擎工程师,创办百度公司	cr16
1833年1月19日——德国数学家阿尔弗雷德·克莱布什出生	cr2
戴笠在1915年与原配夫人毛秀丛生有一子叫戴善武(亦名戴藏宜),外貌酷似戴笠,挂有少将军衔,任国民党保安乡自卫队主任。	cr21
1930年章乃器与王镜娥的小女儿章畹出生,所以章畹称章湘谷为姐姐。	cr21
強·沃特(Jon Voight)美國演技派演員,動作片演員,女星安潔莉娜·裘莉父親。	cr21
1984年,邹碧华考入北京大学法律系经济法专业,同班的还有他的夫人唐海琳和现在在法学院任教的楼建波、刘燕夫妇	cr20
2011年6月,蔣萬安喜得一子,取名「蔣得立」,這也是蔣經國-章亞若支系的第一位曾孫。	cr21
1982年11月1日,李维汉与儿子李铁映、李铁林合影。	cr21
高育仁儿子高思博现在是国民党人。	cr21
Rambus的首席执行官,Harold Hughes说:“虽然我们,一直把三星作为某些专利的重要合作者,但现在出现了大量的问题:主要是与三星在SDRAM/DDR方面合作的困难	cr28
当时,琉球的贺表上写的本是“琉球国王尚泰”,而日本外务省擅自去其国号,改为“琉球尚泰”	cr28
兰亭集势联合创始人文心表示,公司从创建的第一天开始,关注的就是全球范围内的用户	cr34
10月16日上午,六安市委书记、市人大主任孙云飞在市政协副主席孙学龙等陪同下,来到市地税局,亲切慰问一线干部职工,视察调研地税工作	cr28
2014年6月11日,清华控股董事长徐井宏,党委书记、副董事长龙大伟做客人民网,围绕“清华产业如何服务国家创新”的主题进行在线视频访谈	cr28
“商业内幕”现在坐落在纽约一个3700平方米的两层楼里。	cr37
2011年6月2日,中共大理白族自治州州委副书记、州长何金平在州农业局局长王兆炜和县委书记邹子卿、县长沙伟风等部门领导的陪同下,深入弥渡检查乳业发展	cr28
2009年12月,李华波利用虚假身份申请办理移民,2011年1月6日,李华波及妻子徐爱红、女儿李媛李津获得新加坡永久居民资格,不久后就举家逃到新加坡。	cr21
李显龙共有4个孩子,女儿李修齐和儿子李毅鹏是前妻黄名扬所生,儿子李鸿毅和李浩毅是现任妻子何晶所生	cr21
下辖27个支行营业部，市区20家，从业人员600余人，2011年信阳银行资产总额81.2亿元。	cr29
2013年9月5日,总公司总经理魏军和中航技进出口有限责任公司总裁马志平共同签署战略合作协议	cr28
3月31日,麦当劳全球总裁和首席执行官史蒂夫-伊斯特布鲁克(Steve Easterbrook)宣布,未来资本投入的增加,也将推动餐厅扩张与升级	cr28
薄一波与胡明夫妇共育有三女四男七位子女,依次是大女儿薄熙莹、二女儿薄洁莹、大儿子薄熙永、二儿子薄熙来。	cr21
李显龙共有4个孩子,女儿李修齐和儿子李毅鹏是前妻黄名扬所生,儿子李鸿毅和李浩毅是现任妻子何晶所生	cr21
迪昂·维特斯(Dion Waiters),1991年12月10日出生于美国宾夕法尼亚州费城(Philadelphia, Pennsylvania),美国职业篮球运动员,司职得分后卫,效力于NBA克里夫兰骑士队	cr2
储安平的儿子储望英、储望华、储望德等至亲悉数出现在储安平墓地前,伫立在雨中,寄托哀思。	cr21
金大中与车容爱不顾家人反对,终结伉俪	cr20
6日,山西省吕梁市兴县“四·八”烈士纪念馆中,叶挺将军之子叶正光在一张关押父亲的广西桂林城北叠彩山岩洞的照片前驻留许久。	cr21
澳洲航空公司首席执行官Alan Joyce表示,油价下跌利好刺激公司利润大涨,而费用削减措施也逐步显现成效	cr28
乃宁曲德寺修建于藏王赤松德赞时期,有堪钦布迪萨多的门生阿羌甲·强拜桑布主持创建	cr34
林憶珊不服提行政訴訟辯稱,她的帳戶在14歲由父親林仙保及母親沈若蘭開戶,印章及存摺皆由父母保管和運用	cr20
2008年,以美国卡博特公司总裁兼首席执行官Patrick Prevost先生为首的公司管理层决定将卡博特亚太地区总部移师至上海,表明了卡博特对华发展的长足信心	cr28
11月18日上午,安徽阜阳临泉县委副书记、县长梁永勤会见浙江义乌投资考察团一行,陪同客商实地参观,进行互动座谈	cr28
提奥·詹姆斯,1984年12月16日出身于英国牛津,就读于艾尔斯伯里文法学校和诺丁汉大学的哲学系	cr2
23日探亲团访问揭西县河婆街道纪达中学和后埔小学,受到学校师生和拿督黄纪达夫人拿汀游秀华女士的热烈欢迎	cr20
大前研一,早稻田大学理工系毕业后,获得东京工业大学硕士学位,麻省理工学院博士学位	cr16
陈光有三个儿子，大儿子陈永昌是陈光参加革命前在老家湖南宜章所生，二儿子陈东海出生在山东，小儿子陈晓星1946年出生在长春。	cr21
淮阴工学院是一所以工科为主，工学、经济学、管理学、文学、农学、理学类相结合的多科性省属普通本科院校，坐落在敬爱的周恩来总理故乡――江苏省淮安市区，校园占地面积221676亩。	cr4
11月20日,康佳集团股份有限公司发公告称,日前,公司董事局收到董事局主席吴斯远先生的书面辞职报告	cr28
2005年9月，现代牧业正式注册成立，高丽娜持股15%、邓源(邓九强女儿)持股25%、蒙牛(马鞍山)公司持股10%，其余50%股权则分散在11位个人股东手中。	cr34
世界四大会计事务所之一的德勤会计师事务所(Deloitte & Touche)是德勤全球(Deloitte Touche Tohmatsu)在美国的分支机构,后者在126个国家内共有59,000名员工	cr29
[摘要]周向宇认为,在湘潭大学的四年是自己人生中最重要的四年,湘潭大学浓郁的学风让自己成长了许多,母校当年的对自己的栽培一辈子都无法忘记	cr16
10月11日上午,盐城市委书记朱克江来我市调研	cr28
2015年5月27日下午3时,中国大唐集团公司总经理王野平一行莅临乡城洞松水电站视察	cr28
具本茂,韩国人,中国IT名人榜,韩国名人榜,目前为韩国的LG集团的新一代企业领导人,在LG的重要管理以及行政职位上服务长达20年之久	cr28
近日,《甄嬛传》作者流潋紫回到母校浙江师范大学坐客,并受聘为文化创意与传播学院兼职教授,给学弟学妹们讲起了剧本创作	cr16
罗炳辉将军之子罗新安宗长到福建老区考察	cr21
从清华大学毕业后,娄成后得到了去广东岭南大学半工半读的机会,从此开始接触到社会大众,并走上自立谋生的道路	cr16
吴鹰在UT斯达康将仅保留董事职务,UT斯达康中国总裁的职务将由UT斯达康全球总裁陆宏亮接任	cr28
目前,琉球群島支持琉球獨立最大的政黨為嘉利吉俱樂部(原琉球獨立黨),由野底武彥創立,現在的黨首為屋良朝助	cr34
蒂亚戈·斯普利特蒂亚戈·斯普利特(1985年1月1日—)出生于巴西圣卡塔琳娜州布卢梅瑙(Blumenau,Brazil),巴西职业篮球运动员,司职大前锋/	cr2
卡雅·斯考达里奥-卡雅·斯考达里奥(Kaya Scodelario),1992年3月13日出生于英国伦敦海沃兹希思,演员和模特	cr2
10月17日,“红杉资本中国基金十周年暨创业者盛典”活动上,携程旅行网联合创始人、董事局主席、CEO梁建章先生回顾了当初与沈南鹏等携手创建携程并成功上市的经历。	cr34
2012年4月27日上午8:20,知名后期制作公司Base FX公司副总裁谢宁及运营总监张艳阁先生赴我系进行座谈和实地考察	cr28
郑位三同志的夫人蒲云、任质斌同志的夫人胡志学、李先念同志的女儿李紫阳等应邀参加座谈会	cr20
尼尔·沃诺克(NeilWarnock)，1948年12月1日出生于英格兰谢菲尔德，前职业足球运动员。	cr4
张腾岳(1975年11月8日—),出生于甘肃兰州,毕业于北京广播学院主持艺术学院94级播音本科专业,现为中央电视台主持人,主持CCTV-10《走近科学》栏目,《10视之窗》	cr16
乔尔·马登 (Joel Madden) 是妮可·里奇(Nicole Richie) 的老公,同时也是Good Charlotte乐队主唱	cr20
北京东城区北河沿大街甲83号是杂志社红旗文稿的编辑部。	cr37
1586年,阿巴岱汗建立了第一座寺庙额尔德尼召	cr34
11月4日,泾县政协主席郑光明带队来到泾县单采血浆站项目现场开展调研,县政协常务副主席汪玲,县政协副主席卜屏杰、汪莉、丁旭健,秘书长孟华参加调研	cr28
李朱濠是我市鹿城人,出生于1999年1月9日,启蒙教练是林梦华和吴国忠,主攻蝶泳	cr2
2008年3月,基因泰克拥有超过11,000名雇员,瑞士罗式制药集团在2009年3月26日出资约468亿美元全额收购了该公司	cr29
盧慕貞 (中华民国第一夫人,孙中山原配夫人) 長女孫娫 ,結婚7年以後,他們的兒子孫科出生了	cr21
罗荣桓一生共生育有五名子女,罗荣桓分别为他的儿女们取名为:罗玉英、罗北屯、罗林、罗东进、罗南下、罗北捷和罗宁,其中三人早夭	cr21
林培瑞(Perry Link),美国著名汉学家,一九四四年出生于南卡罗来纳州,一九七六年获哈佛大学哲学博士	cr16
2011年2月23日，最高人民检察院通过公安部向国际刑警组织请求对李华波、徐爱红夫妇发布红色通缉令，并向新加坡国际刑警发出了协查函。	cr20
常振明,1956年10月出生,现任中国中信集团有限公司董事长、中国中信股份有限公司董事长	cr28
2012年11月,德里最高行政长官迪克希特(Sheila Dikshit)下令严惩污染车辆	cr28
薄一波幼女薄小莹薄洁莹,薄一波的二女儿。	cr21
德勤在中国大陆,香港及澳门特区设有18个办事处,拥近10,000名员工	cr29
马科斯·阿隆索的出生地是马德里	cr4
姚冶诚-姚冶诚(1887年-1966年),又名怡琴,蒋介石侧室夫人,蒋纬国的养母,生于1887年(清光绪十叁年)江苏吴县的南桥小镇,后又迁居吴县的庄滨乡	cr21
宋楚瑜(右)今南下高雄鳳山造勢,會後宋的女兒宋鎮邁(中)在舞台上比出3號手勢,並以自拍棒和眾人合影	cr21
7月10日上午,德阳市第七届人民代表大会第五次会议闭幕,大会选举赵辉为德阳市人民政府市长	cr28
1月23日,盐城市第七届人民代表大会举行第四次会议,选举王荣平同志为盐城市市长	cr28
类乌齐寺,本名应为扬贡寺,是桑吉温兴建的	cr34
施明德与陈嘉君的两位女儿,15岁的施蜜娜(左)和13岁的施笳(右)	cr21
1968年,毛森偕夫人胡德珍蛰居纽约水牛城,闲来垂钓为乐	cr20
佐佐江贤一郎毕业于东京大学法学部,进入外务省工作后,担任过综合外交政策局审议官、经济局长等,2005年出任亚洲大洋洲局局长,2008年出任外务审议官	cr16
世界上第一个变性人 莉莉·艾尔伯(Lili Elbe) 莉莉·伊尔斯·艾尔文斯,更为人熟知的名字是莉莉·艾尔伯(1882年12月28日——1931年9月13日),她是一名变性女性	cr2
朱婷,中国女子排球运动员,1994年11月29日出生于河南郸城县,身高195cm,司职主攻位置	cr2
刘伯承与他的夫人共育有8个子女,4个儿子4个女儿,他们分别是长子刘俊泰、次子刘太行、三子刘蒙、四子刘太迟;长女刘华北、次女刘解先、三女刘弥群、四女刘雁翎	cr21
陈赓次子陈知健将军在谈及开县变化时也说:“县城比我在重庆警备区当副司令时大多了,开县发展势头好,相信开县人民会越过越好。	cr21
2011年1月格奥尔格·弗里德里希亲王宣布与伊森堡-比尔施泰因亲王弗朗茨·亚历山大的第三个女儿索菲·约翰娜·玛利亚(Sophie Johanna Maria,生于1978年3月7日)订婚。	cr20
1985年,欧迪与澳大利亚出版业大亨鲁伯特·默多克(Rupert Murdoch)的大女儿普鲁登斯·默多克(Prudence Murdoch)结婚。	cr21
傅政华,男,汉族,1955年3月生,河北滦县人,1973年9月加入中国共产党,1970年12月参加工作,北京大学分校法律专业毕业,法学硕士学位	cr16
王震的子女:王兵、王军、王之,王震将军的三个儿子都是中国当代响当当的人物,王震只有三个儿子,没有女儿	cr21
1967年6月2日，王稼祥服下了大量的安眠药，差一点没有再醒过来……他在中国人民大学做讲师的儿子王命先，被株连迫害，甘心受辱，投河自尽。	cr21
1966年,陆埮与在同一学院任教的周精玉结婚	cr20
两人相会后,张之洞支持康有为办理上海强学会,并开办《强学报》	cr34
苏振华上将的三儿子苏柏楠给记者述说着一个将军的平凡故事	cr21
1937年,高尚荫与本校女教师刘年翠结婚	cr20
1951年開辦台元紡織,由吳舜文主持,夫於1953年籌設裕隆汽車公司,台元成為臺灣第一大紡織廠,以資金挹注裕隆虧損	cr34
刘著,出生于四川省南充市,四川音乐学院作曲系09级学生	cr16
蘇貞昌青年軍「台灣衝組」屏東區誓師大會活動由蘇貞昌的兩個女兒,蘇巧寧及蘇巧純擔綱,蘇巧純在致詞時表示,蘇貞昌由於行程繁忙無法親自前來	cr21
1月19日,莱芜市十七届人大六次会议开幕,莱芜市委书记王良与莱芜人大代表共同审议政府工作报告	cr28
1985年陶波市长Rick Cooper买下了它,后来被麦当劳看中了,成为全球唯一的飞机麦当劳餐厅	cr28
1941年7月13日,雅克·贝汉出生于法国,父亲是一家剧院的舞台监督,母亲是演员,他从小就在剧院里长大	cr2
安东尼·格里兹曼(1991年3月21日出生于法国 现效力于西甲皇家社会)	cr2
迪恩·德布洛斯(Dean DeBlois,1970年6月7日-)是一名加拿大电影导演、监制、编剧和动画师	cr2
蒂亚戈·斯普利特(1985年1月1日—),巴西职业篮球运动员,2007年第1轮第28顺位被圣安东尼奥马刺队选中,2010赛季离开西甲联赛加盟NBA圣安东尼奥马刺队	cr2
Hulu在今年动荡不断,参与创建Hulu的CEO詹森•基拉(Jason Kilar)在3月离职,此前在Hulu负责内容的高级副总裁安迪•福塞尔(Andy Forssell)出任临时CEO	cr28
中联重科YZ22-II全液压单驱单钢轮振动压路机参数工作质量Kg22000钢轮尺寸mmΦ1570x2100钢轮静线载荷N。	cr29
李彭廣 選舉事務專家李彭廣,是倫敦政治經濟學院政治學博士,現在任職於嶺南大學公共管治研究部主任,並為政治及社會學系副教授	cr16
根据真功夫官网上的信息，截至目前，在全国共有员工15000余名。	cr29
曹世清任机械科学研究总院党委书记、副院长	cr28
河太均1987年11月2日出生,身高187cm,体重76kg,司职前锋,他曾多次入选韩国国奥队和国家队	cr2
林连章1935年12月参加革命,王健林父亲王义全是1911年生人,比林连章大6岁,他参加红军是1933年,比林连章早两年参加革命	cr21
美国相对论总裁Ryan Kavanaugh 8月15日,华夏电影发行有限责任公司、美国相对论传媒公司(Relativity Media)、星空大地(北京)影视文化发展有限公司在北京召开“战略合作	cr34
埃尔莎·帕塔奇 (Elsa Pataky),1976年7月18日出生于西班牙首都马德里,西班牙影视演员	cr2
15日下午,新加坡益海嘉里集团总裁郭孔丰一行来我县益海学校调研	cr28
中国残疾人联合会地址:北京市西城区西直门南小街186号	cr37
1915年冬,严朴与同邑八士桥过瑛(字挺芳)结婚	cr20
12月31日,据浙江省纪委消息:浙江省台州市委原书记吴蔚荣涉嫌违纪,目前正在接受组织调查	cr28
年底晉陞中將名單中,並將出現一名畢業於美國西北大學電機博士的博土中將——海軍艦隊副司令董翔龍少將	cr16
位于辽宁省本溪市平山区东明路59号的本溪日报社经营中心电话是110213。	cr37
马拉松石油(Marathon Oil)CEO小克拉伦斯 P.卡扎洛特(Clarence P. Cazalot, Jr.),年收入4370万美元	cr28
黃春明(前排中)與長子黃國珍(第二排左三)到台北醫學大學演講。	cr21
李克农之女李冰的传奇人生:1975年2月4日,在解放军305医院寂静的手术室里,医务人员全神贯注地为周恩来总理进行了长达4个小时的膀胱癌切除手术	cr21
9月24日下午,临泉县委副书记、县长梁永勤,副县长赵咏梅陪同新华、宝龙、万达、祥源、高速、丽丰等地产企业客商考察临泉县优质推介地块和投资环境	cr28
FaceKoo总裁刘心怡:在国内并没有真正意义上的针对女性群体的网络虚拟社区,所以我们希望建造一个年轻女性喜爱的网络平台	cr28
李银河是已故著名作家王小波的遗孀,是中国第一位研究性的女社会学家、性学家,多年来出版多部学术专著,对中国同性恋社群的研究颇受关注	cr20
1977年“鹰派”利库德集团党魁梅纳赫姆·贝京赢得大选后,魏茨曼作为自由运动党等联合组成的利库德领导人之一,出任其国防部长	cr28
2014年4月30日,黄石市市委书记周先旺率市委常委、市委秘书长邓新华,市商务委主任王刚,黄石港区委书记张远望、区长陈汉华、区委常委张红珍等领导一行莅临黄石	cr28
老舍先生的女儿舒济,《北京文学》社长兼执行主编。	cr21
9月18日,武穴市市长吴美景在质监、安监等部门负责人的陪同下深入迅达药业、海铭星集团等企业进行国庆前的安全检查	cr28
12月9日,绵阳市政协张世虎主席率队到梓潼调研经济社会发展、全面深化改革推进情况及人民政协工作开展情况	cr28
今年中超注册年龄最小的球员是绿城队董宇,1994年7月15日出生的他在场上司职前卫	cr2
今天，在大家的强烈要求与热烈期待下，来到我们直播间的是来自我们敬爱的周恩来总理母校南开大学的招办主任赵桂敏主任。	cr16
华罗庚和吴筱之有三个儿子:华俊东、华陵、华光;三个女儿:华顺、华苏与华蜜。	cr21
8月6日上午,景德镇市召开全市领导干部会议,会议宣布省委决定:钟志生同志任中共景德镇市委委员、常委、书记	cr28
1978年6月26日,李美圣注册了一家名为“魔声线材(Monster Cable)”的公司,在自己家的车库内开始	cr28
费德里科·巴尔扎雷蒂(Federico Balzaretti)1981年12月6日出生于意大利都灵	cr4
面对这个庞大的“外汇帝国”,最近,《汇商》杂志记者有幸面对面采访了IronFX 铁汇创始人、首席执行官Markos A. Kashiouris	cr34
聂塘卓玛拉康,又称聂塘寺,位於西藏曲水县聂塘乡中尼公路旁,距拉萨市三十三公里,该寺由尊者阿底峡尊者始建,仲敦巴·嘉瓦迥乃扩建	cr34
岩下志麻-岩下志麻(いわしたしま),1941年1月3日出生于日本东京,日本著名女演员,松竹公司旗下老牌艺人	cr2
(1587)《达拉特旗志》第205 页王爱召(伊克昭)乌哈格尼巴达古拉圪奇庙达拉特旗树林召镇东南万历四十一年(1613)鄂尔多斯济农博硕克图主持修建,明朝廷赐	cr34
邵汉,1953年8月3日生于非洲莫桑比克的伊尼扬巴内省,伊尼亚索洛县	cr2
4月17日，国民党荣誉主席连战的母亲赵兰坤辞世，享年103岁。	cr21
宁泽涛,男,河南郑州人,1993年3月6日出生,身高190cm,体重74kg,中国人民解放军海军游泳队运动员	cr2
曾文惠 - 文惠子女  曾文惠1926年生于台北县三芝乡,1949年2月9日嫁给李登辉后,有一子李宪文(1982年因鼻咽癌逝世),二女李安娜、李安妮。	cr21
康熙三十年(1691),康熙帝为太皇太后祝寿,在京城南苑建造永慕寺;乾隆二十九年(1764)重修,乾隆三十二年(1767),立碑于寺内,以作纪念	cr34
2011年9月22日,惠普公司任命亿贝公司前首席执行官梅格·惠特曼为首席执行官兼总裁,接替此前担任这两项职务的李艾科	cr28
2008年11月21日《時報周刊》報道,王永慶自1953年起曾與名爲林明珠的女子陸續生下非婚生的2女1子,後從羅姓,分别爲羅雪貞、羅文源及羅雪映。	cr21
12月12日,盛大文学CEO侯小强通过微博发布《我的告别信》,正式向外界宣布自己由于身体原因将辞去盛大文学CEO职位,转任盛大文学高级顾问	cr28
10月31日,欧洲航空防务集团(EADS)董事会任命45岁的法布里斯·布利叶(Fabrice Brégier)为空中客车公司首席运营官(COO)	cr28
1999年曾毓群先生与著名实业家梁少康博士、爱国老华侨陈棠华博士、张毓捷博士等人在香港共同创办了新能源科技有限公司,经过近十年的发展,公司成为位列世界第	cr34
妙因寺建成于1755年(清乾隆二十年),是郭尔罗斯前旗“沙卜隆”云丹扎木苏活佛为祝贺乾隆皇帝寿辰而建	cr34
编者按:近日,签到服务 Foursquare 联合创始人 Naveen Selvadurai 接受了 FastCompany 的专访,首次公开谈及了对自己离职的看法	cr34
拉沙德·沃恩(Rashad Vaughn),1996年8月16日出生于美国明尼苏达,美国职业篮球运动员,司职得分后卫,效力于NBA密尔沃基雄鹿队	cr2
宝拉·泰勒(原名:Punlapa Margaret Taylor,1983年1月20日-),泰国曼谷出生,泰国演员、模特、主持人	cr2
施耐庵名彦端,元配季氏,续娶申氏,生子让,字以谦	cr20
兰亭集势联合创始人及高级副总裁刘俊和公司首席技术官卢亮已于昨日正式离职。	cr34
王燕軍的兒子王雲祥去年參與反黑箱服貿佔領立院行動時,王燕軍曾赴議場探視兒子,父子感情相當好	cr21
伊万·彼得斯(Evan Peters),1987年1月20日出生于密苏里州圣路易斯市,美国影视演员	cr2
雅科夫·西奈1935年9月21日出生于莫斯科,父母均是微生物学家	cr2
2005年,三星集团董事长李健熙的小女儿李尹馨在其纽约寓所用一截电线自缢身亡。	cr21
上世纪1987年5月27日，与西甲塞维利亚的成名球星阿鲁纳·科内一样，热尔维尼奥出生于象牙海岸的足球之乡Anyama。	cr4
无独有偶，昨日《福布斯》中文杂志也发布２０１２中国最佳ＣＥＯ榜单，排名榜单前两位的也都是来自互联网行业，分别是李彦宏和腾讯ＣＥＯ马化腾。	cr28
郭国汀1984年毕业于吉林大学法学系国际法专业,曾先后考取中国社会科学院法学所,上海海运学院、厦门大学国际环境法、国际海商法、国际经济法硕士研究生	cr16
塞斯·梅耶斯(Seth Meyers) 生于1973年12月28日,是一位美国喜剧演员,目前负责主持美国NBC电视台的热门节目《Saturday Night Live》(SNL:周末夜现场)	cr2
惟善法师/老师于1989年在广东云门寺出家,于1997年毕业于中国佛学院,随后进入斯里兰卡凯拉尼亚大学留学近八年,获文学学士、哲学博士	cr16
载漪的福晋叶赫那拉氏生下长子溥僎(pǔzhuàn)后就去世了,慈禧太后做主,将阿拉善旗王多罗特色楞的妹妹嫁给载漪	cr21
唐有壬(1893-1935),湖南浏阳人,中华民国时期著名政客,早年毕业于日本庆应大学	cr16
段传新作为段德昌子女并没有因为自己的父亲是共和国的功臣而对组织提出过任何的非分要求,段传新参军之后参加过很多的战役,建国之后,调到武汉。	cr21
1922年改名彭德怀，考入湖南陆军军官讲武堂，毕业后回湘军任排长、连长、营长。	cr16
任远志,是任弼时的女儿。	cr21
10月10日下午,平定县长任晓华在锁簧镇主持召开中电投平定锁簧50兆瓦光伏发电项目推进会	cr28
珍·茜宝1938年11月13日出生于美国衣阿华州Marshalltown的普通小镇姑娘	cr2
20岁时,唐群英嫁给曾国藩的堂弟曾传纲,而秋瑾的丈夫王廷钧是曾国藩的表侄,两家是邻居,一见如故	cr20
1970年11月,松田耕平代替父亲松田恒次的位置,成为马自达的第四代会长。	cr21
埃娃·科帕奇,1956年12月3日出生,1981年毕业于卢布林医科大学医学系	cr2
1931年,郑守仪出生在菲律宾一个华侨家庭,1954年毕业于菲律宾东方大学,获“商科教育”和“教育生物学”双学士学位	cr16
5月28日，波音CEOJamesMcNerney在芝加哥重申，该公司预计未来20年中国飞机需求将达约3800架，价值总值4000亿美元，中国会成为波音最大的潜在商用机客户。	cr28
2014年6月3日上午,张鸿建一行专程前往旧金山市政厅拜会了旧金山市市长李孟贤	cr28
陈赓大将一共有4个儿子,长子陈知非在华北大学(中国人民大学前身)学习,1952年毕业后先后在长春一汽、航天部等工作,所取得的多项科研成果在行业内属一流水平。	cr21
马特·里夫斯,1966年4月27日出生于纽约,美国电影导演	cr2
1868年3月,浩罕汗国与俄罗斯签订保护条约,使汗国成为了俄罗斯帝国的从属国,1876年2月19日,俄罗斯军队攻下浩罕城,末代可汗纳西尔丁汗出降,浩罕汗国灭亡	cr28
SAP公司的CEO Bill McDermott无疑是高科技行业最成功的首席执行官之一	cr28
张国焘与杨子烈结婚后,育有三子张海威、张湘楚、张渝川,三位皆在美国与加拿大发展事业	cr21
伦敦南岸大学拥有25，375名大学学生和1700名教职员工。	cr29
張榮發有共兩位妻子,分別是大房張林金枝、二房李玉美,前者生有一女三子,分別是長女張淑華、兒子張國華、張國明、張國政,後者則生下獨子張國煒	cr21
翻翻他的简历就知道,郎咸平是宾夕法尼亚大学沃顿商学院金融系科班毕业,从硕士到博士仅用了一年多的时间	cr16
塞巴斯蒂安·库尔茨-塞巴斯蒂安·库尔茨(外文名:Sebastian Kurz)(1986年8月27日—)是一名奥地利政治家、奥地利人民党党员	cr2
他吐露说:他的名字叫克里斯多夫·托马斯·奈特,出生于1965年12月7日	cr2
博胡斯拉夫·索博特卡(Bohuslav Sobotka),1971年10月23日出生于Telnice,毕业于马萨里克大学	cr2
大卫·道嘉德(David Daugard,1994年12月27日-),丹麦男子羽毛球运动员	cr2
近期從早稻田大學畢業後的朝井遼,接下來將會創作出什麼樣的故事,實在讓人期待	cr16
根据任天堂官网的通告,宫本茂与竹田玄洋将会继任任天堂的董事长的职位,社长人选尚未确定	cr28
2002年,次子金弘业涉嫌受贿被司法机关逮捕,金大中发表电视讲话向国民表示道歉。	cr21
第二代網路書店 張天立創 TAAZE讀冊生活 - wenliwenli部落格 - 優仕網部落格 http://blog.youthwant.com.tw/wenliwenli/wenli/7550/ 内容摘要: 創書店學思行網	cr34
1981年9月1日出生于日本爱知县的森下千里是曰本著名的赛车皇后,这位有	cr2
盧慕貞 (中华民国第一夫人,孙中山原配夫人) 次女孫婉 ,聚少離多,日趨拮據,盧慕貞在檀香山一住就是12年	cr21
李先念的儿子李平16岁参军,1970年入党,1977年从北京外语学院毕业后,被分配在基层部队工作,后又到军事科学院、中国驻澳大利亚使馆、总参机关等单位工作	cr21
夏一峰,生于1883年,卒于1963年	cr2
黄克诚大儿子黄煦清华大学毕业后担任工程师。	cr21
今天,博士伦已经发展成一个跨越35个国家,拥有15,000多名员工的全球性企业	cr29
中外历史人物评说材料严复与梁启超都是近代中国具有极大影响的宣传家,在维新变法时期,由梁启超担任主笔的《时务报》与严复创办的《国闻报》南北呼应,作为同业	cr34
1999年5月,中国电影集团公司成立,韩三平出任集团副董事长兼副总经理,主管业务重组、资产整合和产权制度的改革	cr28
黎智同志的夫人、市政协常委、市民盟副主委赵慧和子女及其他亲属、生前好友送了花圈	cr20
AKABEiSOFT2是位于日本福冈县福冈市的成人游戏制作公司，作品多有《校园迷糊大王》的戏仿。	cr37
三邊委員會 「三邊委員會」(Trilateral Commission)是億萬富豪大衛·洛克菲勒在1973年創立的一個智囊組織,其目的是增進北美、西歐和亞太地區的交流與合作	cr34
首名公开出柜的大马同性恋牧师欧阳文风将于今年8月4日携同美国籍非洲裔丈夫菲尼斯·纽邦三世返回马来西亚,举行华人传统婚礼	cr20
民政部部长，中华慈善总会创办者崔乃夫题“长乐园”书法(保真)。	cr34
1935年7月12日,大村智生於山梨縣北巨摩郡神山村,是日本有机化学者	cr2
Bungie工作室日前在网站宣布,著名设计总监以及《光晕》和《命运》的缔造者Joseph Staten从该工作室离职,此时他已在Bungie工作了15年	cr28
若泽·马里奥·瓦斯出生于1957年12月10日,经济学家,被民众亲切地叫为JOM	cr2
开罗游戏公司(Kairosoft Co.,LTD)是日本近几年意外崛起、并迅速走红的像素模拟经营类游戏开发及发行公司,仅有9人的小团队创造出了令人意外的游戏价值	cr29
色结寺在日喀则谢通门县境内,就在塔丁乡乃囊村的东日嘉山顶,属苯教寺庙,建于1179年,由辛顿·益西洛卓创建	cr34
不久的将来,“蜘蛛侠”会再度归来, 《新蜘蛛侠》将于2016年开拍,男主角为汤姆·赫兰德(Tom Holland),汤姆·赫兰德1996年6月1日出生于英国萨里镇,英国演员	cr2
10月26日,全国人大常委会副委员长、中国红十字会会长陈竺在北京会见了来访的红十字会与红新月会国际联合会主席近卫忠辉一行	cr28
1951年,老迈的松田重次郎将企业交给了儿子的松田恒次,在松田恒次担任社长的期间,马自达品牌下诞生了很多有名的车型,,为日后的马自达打下根基。	cr21
12月19日,清华五道口大讲堂?互联网+主题系列第一期邀请到了美国久负盛名的众筹机构Kickstarter创始人之一Charles Adler(查尔斯·艾德勒),他为学子们	cr34
乔纳森·比亚比亚尼(Jonathan Biabiany,1988年4月28日-),是一名法国足球运动员	cr2
伊曼纽尔·穆迪埃(Emmanuel Mudiay),1996年3月5日出生于刚果民主共和国金沙萨(Kinshasa, DR Congo),职业篮球运动员,司职控球后卫/得分后卫,效力于NBA丹佛掘金队	cr2
詹滿容為美國波士頓大學政治學博士,曾任育達商業技術學院行銷係教授、“國安會”諮詢委員、亞太經合會企業諮詢委員會幕僚長、淡江大學美洲研究所助理	cr16
12月9日上午,开国上将刘亚楼之子刘煜滨携夫人到双城区参观第四野战军指挥部旧址纪念馆,双城区委常委、宣传部长景丽玲,双城区政府副区长高丽馨陪同参观。	cr21
齐白石的儿子齐良元带病从湖南来京探望父亲,不久后病逝,齐白石深感悲痛	cr21
[66]在1689年7月24日,安妮诞下一个尽管出生时病了却活过了婴儿期的儿子格洛斯特公爵威廉王子	cr2
1879年4月,松田道之向琉球王尚泰宣读了日本政府“废藩置县”的命令,宣布琉球国变成日本冲绳县	cr28
1949年,在东北的沈阳,10岁的张虹生第一次见到父亲张闻天和母亲刘英。	cr21
而派格的掌舵人一一派格太合环球传媒总裁孙健君的经历可谓丰富精彩,在成功的企业家生涯以前,有着鲜为人知的是其艺术家的深厚底蕴	cr28
2月18日下午,涉县县委书记李书生、县长汪涛、常务副县长路正阳、国税局局长陈庆武到国际物流集团走访交流	cr28
帕邦喀历史悠久,传说在大小昭寺修建之前,藏王松赞干布在此修行,并主持修建了该宫殿	cr34
西丽玛沃·班达拉奈克总理的儿子阿努拉·班达拉奈克也随同来访	cr21
8日下午,在福建南平市四届人大一次会议第三次全体会议的选举中,周秀光当选南平市四届人大常委会主任,林宝金当选南平市市长	cr28
瑞恩·约翰逊(Ryan johnson)出生于1984年11月26日,身高1米86,体重81公斤,作为牙买加现役国脚	cr2
格雷戈里奥·曼萨诺(Gregorio Manzano,1956年3月11日-- ) 西班牙足球界著名人物	cr2
2015年12月1日,中共中央政治局常委、中央纪委书记王岐山在中南海紫光阁会见正大集团谢国民董事长一行	cr28
叶挺是1946年4月8日因飞机失事而遇难的,至于他的第八子叶启光,是1942年出生的	cr21
亨利·希姆斯(Henry Sims),1990年3月27日出生于美国马里兰州巴尔的摩( Baltimore, MD),美国职业篮球运动员,司职中锋,效力于NBA费城76人队	cr2
1977年许光与父亲许世友将军在广州合影1956年许光任北海舰队宜川号军舰副舰长上个世纪七十年代,一部名为《闪闪的红星》的电影轰动全国。	cr21
18岁时，张闻天在父母的包办下与当地一个善良勤劳的女子卫月莲成了亲。	cr20
黄永胜有四个儿子,分别是长子黄春光(项阳)、次子黄项林、三子黄春耀(项辉)、四子黄项勇。	cr21
青森山田足球隊里最出色的球員就是中場10號柴崎岳,1992年5月28日出生,今年17歲	cr2
水崎綾女[希雅娜]1989年4月26日出生於兵庫縣	cr2
主要研制肿瘤治疗药物的基因泰克公司,已经拥有11,000名员工、年销售额高达117亿美元,是全球市值最高的生物技术公司,超过了默沙东等多家美国知名大药厂	cr29
博迪汗死,子打来孙立,是为打来孙汗(达赉逊库登汗)。	cr21
毕马威是网络遍及全球的专业服务机构,成员所分布152个国家,专业人员超过145,000名,设有由优秀人员组成的行业专责团队,致力提供审计、税务和咨询等专业	cr29
羽田孜希望其长子、民主党的参院国会对策委员长羽田雄一郎(43岁)成为他的接班人	cr21
黃教安1957年4月15日出生於首爾,畢業于成均館大學	cr2
通力现拥有员工39,000人,年净销售额约56亿欧元	cr29
李先念心里非常挂念这个女儿,李劲每到一个新的工作单位,他都要让秘书悄悄地去调查	cr21
而现代集团对于韩国而言，也早已成为可以代表国家形象的知名品牌在国际市场扬名，现代集团创始人郑周永就是“现代”传奇的缔造者。	cr34
1982年10月，杨勇与夫人林彬在上海延安宾馆中国共产党新闻网资料。	cr20
Arc System Works社长木戸岡稔先生表示,非常希望和各个参访企业进行下一步深入的沟通和商务合作	cr28
罗瑞卿一生生有6个孩子,一共3男3女,他们分别是:长子罗箭、长女罗峪田、次女罗峪书、次子罗猛、小女罗峪平、以及小儿罗原	cr21
查尔斯·多默里(英语:Charles Domery),又名查尔斯·多默兹(Charles Domerz),出生于1778年,逝世时间和地点不详,是一位以异常大的胃口而知名的波兰军人	cr2
1925年，张闻天与卫月莲的第二个女儿引娣出生了。	cr20
卡洛斯·芬莱(CarlosJuanFinlay,1833年12月3日-1915年8月20日),古巴医生和科学家,公认的黄热病研究先驱	cr2
爱德华多·巴尔加斯-爱德华多·巴尔加斯,1989年11月20日出生,出生于智利圣地亚哥,足球前锋	cr2
布赫 布小林的父亲布赫是乌兰夫的长子,虽然出身军旅家庭,却对文学情有独钟,他历任内蒙古自治区文化局党组书记、自治区文联主席、自治区党委宣传部长,出版过多部诗集文。	cr21
三邊委員會 「三邊委員會」(Trilateral Commission)是億萬富豪大衛·洛克菲勒在1973年創立的一個智囊組	cr34
马尔科·巴基奇(Mapкo Бакић,1993年11月1日-)是一名黑山足球运动员,司职中场,现在效力于意大利足球甲级联赛球队佛罗伦萨	cr2
Roller等認為托勒密十二世有兩次婚姻,第一任妻子是克麗奧佩脫拉五世,她可能生了三個女兒,分別為克麗奧佩脫拉六世、貝勒尼基四世和鼎鼎大名的克麗奧佩脫拉七世。	cr20
载漪长子溥僎,嫡福晋伊尔根觉罗氏生,虚岁三十四岁,嫡妻乌扎喇氏,继妻祥佳氏	cr21
其中，大多数民营企业的平均收入都已经开始上涨，如金地集团2009年员工总数为6958人，总共应发薪酬为4.63亿元，人均6.65万元。	cr29
金承大出生于1991年4月1日,司职前锋,之前效力于浦项制铁队,是球队的头号得分手	cr2
加斯·布鲁克斯(英语:Garth Brooks,1962年2月7日-)是一位美国乡村音乐的创作型歌手	cr2
德勤是中国大陆及港澳地区居领导地位的专业服务机构之一,共拥有逾6,000名员工,分布在北京、大连、广州、香港、澳门、南京、上海、深圳、苏州和天津	cr29
王旭东,王旭东 (1946年1月-),江苏盐城人;天津市科技进修学院系统工程班毕业	cr16
10月30号,吉水县政府县长袁守旺一行来到石镇线(吉水段)视察公路建设进展情况,吉水分局局长黄小平等领导陪同	cr28
10月16日,政协第六届全国委员会副主席马文瑞之子马晓文在于都接受记者采访时说,父亲虽然没有在赣南工作过,但却格外关心赣南老区的发展。	cr21
1986 年高希均先生、王力行女士及張作錦先生創辦遠見雜誌,多年來深受海內外讀者的肯定	cr34
財團法人溫世仁文教基金會 法人溫世仁文教基金會是由呂來春女士為紀念及推展其夫婿—溫世仁先生在公益志業上的理念所設立	cr34
莫尔塔扎·普拉利甘吉,又名莫尔塔扎·波拉里千吉,1992年4月19日出生于伊朗,伊朗足球运动员	cr2
贝拉尔迪全称多梅尼科·贝拉尔迪,出生于1994年8月1日,今年19岁,身披25号的他场上能踢前锋和边锋	cr2
兰亭集势最初由文心、刘俊和张良创办于2007年	cr34
Asif Ali Zardari向全巴基斯坦纺织工厂协会(APTMA)的领导保证,将很快恢复纺织行业的天然气供应,他将通过旁遮普省省长Latif Khosa呼吁纺织工人和平解散	cr28
黄宇翔-黄宇翔,男,1993年1月25日岀生于浙江杭州,中国羽毛球队队员	cr2
2015年2月16日,常驻日内瓦代表团经贸处周小明公参拜会南方中心(SouthCentre)执行主任许国平(Martin Khor),就联合国贸发会议十四大筹备工作交换意见	cr28
12月12日,盛大文学董事会发布公告称,已同意侯小强辞职申请,CEO一职将由盛大文学董事长邱文友兼任	cr28
邓文迪女儿Grace和Chloe 的中国话,甚至比妈妈更富有京腔。	cr21
雪佛龙在全球拥有59000多名员工，主要从事石油和天然气业务，包括勘探开发、炼油、销售和运输。	cr29
高育仁的儿子 高思博是原台南市选区“立法委员”,现任“蒙藏委员会委员长”;女婿 朱立伦是原行政院副院长,现任国民党副主席,新北市首。	cr21
8月8日下午在河内,越共中央总书记阮富仲会见了由捷克和摩拉维亚共产党主席、众议院监察委员会主席沃伊杰赫·菲利普率领正在对越访问的捷克和摩拉维亚共产党代表团	cr28
郑有炓,1935年9月生,籍贯福建大田,1957年南京大学物理系(北京大学等五校联合半导体专业)毕业	cr16
李天霞多年未回故里,思念家乡父老乡亲,1936年年底,他携妻卢淡莲和勤务兵搭机取道西安飞回上海	cr20
民國34年台灣光復之初,蔣宋美齡女士創立「中華民國婦女聯合會」,除凝聚婦女力量支援國策外,並普設基層學府,「復興」得以產生	cr34
1988年与冯翊纲、金尚东共同创办相声瓦舍，担任主演相声瓦舍历年舞台演出作品，现为相声瓦舍负责人。	cr34
李忠诚又译为李忠成(1985年12月19日-),原名大山忠成,出生于日本東京都田無市	cr4
克劳斯·约翰尼斯(Klaus Iohannis),1959年6月13日出生于锡比乌,罗马尼亚总统、国家自由党主席	cr2
阿斯贝尔·基普罗普-阿斯贝尔·基普罗普(Asbel Kiprop,1989年6月30日-),肯尼亚田径运动员	cr2
《女学报》是中国近代一份具有 较大影响力的女性报刊,创办者陈撷芬是中国较早涉足报坛的女报人	cr34
1675年,潘杰林寺由五世达赖创建	cr34
张蔚华的遗孀王雅清,把一张珍藏了二十多年的老照片,送给了金日成,这是张蔚华和金日成的弟弟金哲柱的合照	cr20
截止目前,郑州银行总股本达39.42亿元,在职员工1940人,共有67家分支行	cr29
湖南省委常委、省委政法委书记李江在致辞中表示，湘潭是毛泽东主席、彭德怀将军和著名书画家齐白石的故乡。	cr4
据悉,这名日本00后女乒萝莉叫平野美宇,2000年4月14日生于日本山梨县中央市	cr2
黄永胜子女都是谁?黄永胜有四个儿子,分别是长子黄春光(项阳)、次子黄项林、三子黄春耀(项辉)、四子黄项勇。	cr21
多梅尼科·贝拉尔迪出生于1994年8月1日,今年19岁,身披25号的他场上能踢前锋和边锋	cr2
11月26日被日本内阁正式任命为驻中国大使的木寺昌人,今年59岁,毕业于东京大学法学部	cr16
日本赤十字社之父佐野常民 日本赤十字社之父佐野常民 佐野常民美术工艺 编辑 明治初期以来,由于极速的西洋化,传统文化受到巨大冲击,传统的美术作品的价值一落	cr34
12月2日,机械科学研究总院党委书记曹世清、国务院国资委监事会15办专职监事赵石柱、总院常州先进装备工程技术研究中心主任单忠德等一行来我校考察	cr28
2月28日,广西防城港市第五届人民代表大会第四次会议选举何朝建为防城港市新任市长	cr28
李鹏之子李小鹏:从“亚洲电王”到山西省代省长	cr21
张鼎丞的大女儿张招娣,是张鼎丞和前妻赖月华所生	cr20
10月2日,欧佩克(石油输出国组织)主席迪扎尼·艾利森·迈杜克又在英国因涉嫌腐败被捕	cr28
范宝俊先生再次当选为中华慈善总会会长	cr28
《天下新闻》、德籍传教士郭士立于道光十三年(1833)在广州创办的《东西洋考每月统记传》②、麦都思于道光十八年(1838)在广州创办的《各国消息》	cr34
1月29日下午,“2015十大经济年度人物颁奖典礼”在北京举行,携程旅行网联合创始人、董事局主席兼CEO梁建章当选“2015中国十大经济人物”	cr28
奇绝福地桑阿寺 桑阿寺始建于公元1419年,由宗喀巴大师创建	cr34
但据新公布的国务院规定显示，中国海警部队的人员编制只有16296人。	cr29
贾斯蒂斯·温斯洛(Justise Winslow),1996年3月26日出生,美国职业篮球运动员,司职小前锋,现效力于迈阿密热火队	cr2
1987年5月28日,农历五月初二,李铁映之子李力践又遵父命,从北京来到沈阳,成为辽宁文学院第二届青年作家班的一名普通学员。	cr21
梅心怡(Lynn Miles),1943年6月15日生於美國紐澤西州,一位離開遙遠的故鄉、從1970戒嚴的年代開始、救援台灣政治犯的美國人,被中國國民黨政府列入黑名單	cr2
阎宝航出国后,先入英国爱丁堡大学攻读社会学, 后又到丹麦等国考察政治制度和经济结构	cr16
港独组织香港人优先发起人张汉贤家门口被喷了一个“狗“字。	cr34
4月7日，鲁迅独子周海婴因病医治无效在北京逝世，享年81岁。	cr21
公元1205年,其弟子藏巴甲热(1161-1211年)在拉萨河畔郎木地方建竹寺(雷音寺),形成竹巴噶举派,分上中下三系	cr34
邵逸夫於1937年與年長他5歲的黃美珍在新加坡結婚,兩人育有二子二女,長子邵維銘、次女邵素雯、三女邵素雲及幼子	cr21
1965年初,张际春的夫人罗屏通过张茜(陈毅的夫人)请陈毅题词	cr20
谭政将军之子:谭政长子谭泽代,谭政次子谭竞生 许多熟悉谭政的老同志曾风趣地说:谭政就是“坦正”,一生坦正	cr21
8月16日,广州警方禁止维权人士唐荆陵及妻子汪艳芳前去参加知名家庭教会牧师林献羔的葬礼	cr20
李先念主席夫人林佳楣携女儿李紫阳一行回乡扫墓,市县领导陪同	cr20
徐重仁 生於台南,逢甲大學企業管理學系學士,日本早稻田大學流通經濟學碩士,前台灣統一超商總經理,現為全聯福利中心總裁、財團法人商業發展研究院董事長	cr16
22日“中華共和國人民革命政府”宣布成立,以李濟深爲政府主席,陳友仁爲外交部長,蔣光鼐爲材政部長,李濟深兼軍事委員	cr28
标签:  五明佛学院 上师 佛教 晋美彭 色达 杂谈四川色达喇荣寺五明佛学院 | 色达喇荣寺五明佛学院气候环境 色达,藏语意为金马,传说因在这片富饶而美丽	cr34
曹国伟-曹国伟,1965年11月10日生于上海,美国会计师协会会员、美国注册会计师、世界经济论坛“全球青年领袖(YGL)”成员	cr2
另附上香港太子表行的网站介绍,引自香港太子表行“关于香港太子表行” 太子珠寶鐘錶於1984年正式成立,創辦人暨現任主席及行政總裁鄧鉅明博士MH最初於尖沙咀漢口道	cr34
与布隆梅尔同为19岁的中国小将莫有雪(1996年2月10日),目前的个人最好成绩还是前年夏天在世少赛上跑出的10秒35	cr2
2006年5月31日高盛集團(Goldman Sachs)執行長鮑爾森(Henry Paulson)接任美國財政部長後,Lloyd Blankfein隨即接任執行長職務	cr28
房屋局副局長邱誠武,行政會議成員陳智思,民政事務局副局長許曉暉,Green Monday 國際大使周慧敏,及 Green Monday 聯合創辦人楊大偉出席 Green Monday 的	cr34
2015年9月9日下午,陇南一中举行第31个教师节庆祝活动,活动开始前,陇南市市委书记孙雪涛一行来陇南一中慰问一线教师	cr28
焦佑鈞:華邦電子公司董事長,父為華新麗華創辦人焦廷標	cr28
吳伯雄第三度返鄉祭祖,除了夫人戴美玉、兒子吳志剛陪同,這次也邀請遠在海外的胞姊妹吳雪梅、吳瑞枝及女兒吳璧玲加入,後者都是第一次返鄉祭祖	cr21
曼纽尔·布卢姆(ManuelBlum),1938年4月26日生于委内瑞拉首都加拉加斯	cr2
董必武的女儿董良翬谈家风。	cr21
5月7日,新疆昌吉市召开干部大会,宣布新疆昌吉州党委干部任免通知:任命李成辉同志为昌吉市委委员、常委、书记,免去何永慧同志昌吉市委书记、常委、委员职务	cr28
乐天玛特(LOTTEMART)是乐天集团下属的专营大型超市的子公司,乐天的创始人是辛格浩,现任总裁是辛东斌	cr34
国际手球联合会，简称国际手联，是手球运动在全世界唯一的管理机构，总部设在瑞士巴塞尔。	cr37
2007年11月 双凤山陵园管理处主任赵松茂专程到广州,沙飞长子王达理、小儿子王毅强分别将珍藏多年的沙飞印章、晋察冀画报社用过的底片箱捐赠给河北省双凤山革命陵园管理处。	cr21
1833年1月19日,德国数学家阿尔弗雷德·克莱布什出生	cr2
张学良后代,女儿张闾瑛在英国留学期间与陶鹏飞相识	cr21
1987年11月2日,河太均出生在韩国庆尚南道统营市,后就读韩国檀国大学	cr2
章乃器近况及相关资料: 第一任妻子(原配),王镜娥(1897年—1963年) ,育有三子两女(二子早期夭折),章湘华、章翼军、章畹(婉华),均为国内高级人才	cr21
2011年2月，鄱阳县检察院分别对李华波、其妻徐爱红以涉嫌贪污罪立案侦查和逮捕。	cr20
马泰奥·伦齐的妻子Agnese Landini是一名老师,两人育有两子一女	cr20
成功建立无线音乐下载商业模式的莱克查库(RecoChoku)公司执行董事加藤裕一,介绍了拥有72亿元人民币收入规模的手机下载业务的经营模式	cr28
那便是2002年由SUNRISE的制作人小林真一郎、河内山隆设立的Manglobe	cr34
2015年12月2日,咸阳市市长卫华一行到咸阳师范学院检查指导咸阳市创建全国文明城市工作	cr28
許崙墩和遺孀蔡蕙如兩人也到各國旅行,留下足跡	cr20
马泰奥·伦齐(Matteo Renzi)1975年1月11日出生于意大利佛罗伦萨市	cr2
国际手球联合会，简称国际手联，是手球运动在全世界唯一的管理机构，总部设在瑞士巴塞尔。	cr37
前瑞星公司CTO刘刚创办“火绒实验室”(TechWeb配图) 【TechWeb报道】对创业者来说,安全行业因为技术门槛较高往往不被作为首选领域	cr34
薄熙来同志简历薄熙来，男，汉族，1949年7月生，山西定襄人，1980年10月入党，1968年1月参加工作，中国社会科学院研究生院国际新闻专业毕业，研究生学历，文学硕士。	cr16
平贺让1878年3月8日生于东京,父亲百左卫门是海军主计官,兄德太郎是海军军官	cr2
陈赓三子陈知庶,少将,现任甘肃省委常委、省军区司令员。	cr21
2009年52岁的卢旺达保罗·卡加梅总统入选美国《时代》杂志年度100位最有影响力人物榜,以第24位的排名超过了包括美国总统奥巴马(第37位)在内的很多国家	cr28
Sequans公司首席执行官乔治·卡拉姆(Georges Karam)表示,“爱立信是4G/LTE领域的领导者,也是Sequans愿意与之共同合作的重要伙伴”	cr28
9月30日,贵州省黔东南苗族侗族自治州委书记李飞跃、常务副州长冯仕文在麻江县委书记贺代宏、县长王镇义等的陪同下到温氏凯里公司龙山种猪场考察指导	cr28
埃里克·杜尔姆(德语:Erik Durm,1992年5月12日-)是德国的一位足球运动员	cr2
滨口史郎(浜口史郎、はまぐち しろう)于1969年11月19日出生于日本福冈县,是日本作曲家、编曲家	cr2
刘起釪的女儿刘晓瑜说，“现在医院(康复中心)的条件也改善很多了，暂时先稳定在这儿，天气暖和了，再看究竟落在哪里。	cr21
色结寺建于1179年,也是木辛氏族后裔辛顿·益西洛卓创建	cr34
2013年3月12日10:30,全国人大代表、四川省雅安市市长陈越良做客新华网两会访谈,与网友谈两会议案建议	cr28
平野美宇-平野美宇,女,2000年4月14日生于日本山梨县中央市,日本乒乓球运动员	cr2
大渝导读:他是乡村基创始人李红、张兴强夫妇的大儿子,他曾是国家青年队专业网球运动员	cr34
真功夫的飞速发展为社会提供了大量的就业机会，截止目前，在全国共有员工15000余名。	cr29
莫言的女儿管笑笑受父亲的熏陶,从小偏爱文学艺术	cr21
罗宾·西克 (Robin Thicke) 与妻子宝拉·巴顿(Paula Patton)当地时间12月31日在迈阿密手挽手于新年夜出街	cr20
1613年,鄂尔多斯济农博硕克图在黄河南岸乌兰淖尔建立了王爱召(乌哈尼格巴达日吉拉各齐庙),为达延汗兴建的寺庙	cr34
其中臧一锋年纪最小,出生于1993年10月15日	cr2
金日成和金正日是朝鲜的两位前任领导人,很多中国人对他们都不陌生,但是对他们的父子情却不太了解,对金日成如何培养金正日的内幕更是不清楚。	cr21
香港科技大學經濟學系主任雷鼎鳴教授是明尼蘇達大學博士,被視為自由經濟的旗手	cr16
路易斯王子1986年8月3日出生,这个夏天获得了中学毕业证书,王室还没有说他是否会继续他的学业	cr2
2010年4月3日,张闻天女儿张维英(左)和外孙女张秀君接受本刊记者采访时拍摄的照片。	cr21
据介绍,付少云1976年12月17日生于湖南省永顺县毛坝乡,土家族,中共党员	cr2
“伦伦”和“洋洋”之前共生了三个孩子,分别是“美兰”,雄性,6岁,现居成都大熊猫繁育研究基地;“喜兰”,4岁,雄性;“阿宝”,2岁,雄性	cr21
6月5日上午,井冈山管理局局长、井冈山市市长陈敏在井冈山中学检查高考考前准备工作,王克康副市长、刘福明局长、李海鹰校长等陪同	cr28
底波拉(Deborah),意即「黄蜂」,是一位女先知和女士师,是拉比多的妻子	cr20
兰斯·托马斯-兰斯·托马斯 (Lance Thomas),1988年4月24日出生于美国纽约州布鲁克林(Brooklyn,NY),美国职业篮球运动员,司职前锋,效力于NBA纽约尼克斯	cr2
9時30分許,當胡錦濤和夫人劉永清在澳門特別行政區行政長官何厚鏵和夫人劉渭楨陪同下步入會場時,全場起立,掌聲雷動	cr20
英國牛津大學文學碩士、曾給溥儀當了五年英文教師的莊士敦特意把溥儀在《遊戲日報》上發表的《鸚鵡》、《浮月》、《荷月》三首古體詩譯成英文,並收入到他的代表	cr16
莫舒舒二世(1938年5月2日——1996年1月15日) 生于莱索托东部的莫科特隆区	cr2
16世纪20年代,特仑干诺苏丹建立了东爪哇淡目国,开始自己铸钱,最早是翻铸宋钱“咸平元宝”	cr28
罗荣桓一生共生育有五名子女,罗荣桓分别为他的儿女们取名为:罗玉英、罗北屯、罗林、罗东进、罗南下、罗北捷和罗宁,其中三人早夭	cr21
热振寺-热振寺由“噶当派”创始人仲敦巴创建于1057年,距今已有九百多年的历史,是西藏“噶当派”的第一座寺庙,坐落在距拉萨北面240公里的林周县唐古乡境内	cr34
章孝慈与其夫人赵申德有一子一女,章劲松及章友菊	cr21
2001年11月19日,邓文迪生下了她和默多克的第一个宝宝Grace,2003年6月,次女Chole出生。	cr21
约翰·鲁尼1985年10月24日出生于利物浦的克罗克斯特斯区一个蓝领工人居住区贫穷家庭。	cr4
薄熙来5天庭审中两度提及大儿子“薄望知”。	cr21
其实,在携程旅行网的四大创始人中,只有范敏是来自旅游业	cr34
1月12日,在美国亚特兰大动物园的大熊猫馆内,大熊猫宝宝“美兰”(左)在妈妈“伦伦”身旁玩耍。	cr21
11月7日 据国外媒体报道,传媒大亨鲁伯特·默多克(Rupert Murdoch)之子拉克兰·默多克(Lachlan Murdoch)昨日以2100万美元的价格拍下澳大利亚豪宅Le Manoir。	cr21
刘伯承与他的夫人共育有8个子女,4个儿子4个女儿,他们分别是长子刘俊泰、次子刘太行、三子刘蒙、四子刘太迟;长女刘华北、次女刘解先、三女刘弥群、四女刘雁翎	cr21
梁小民,北京大学经济系毕业,现任北京工商大学经济学院教授,兼清华大学、南开大学、西南财经大学等校教授,国家级有突出贡献中青年专家,国务院特邀监察员	cr16
黎鸿英,男,1949年11月12日生于越南坚江省永顺县永北乡,1969年3月2日加入越南共产党	cr2
2014年9月，龙江银行股份有限公司党委副书记、监事长杨进先(正厅级)涉嫌严重违纪违法，接受组织调查，同时被控制的还有杨进先的妻子聂维军和女儿杨紫。	cr20
2006年7月27日,中共前领导人秦邦宪(博古)之子秦铁接受了记者的采访。	cr21
特里斯坦·汤普森(Tristan Thompson),1991年3月13日出生于加拿大安大略省布兰普顿(Brampton,ON,Canada),NBA职业篮球运动员,司职大前锋	cr2
谢素台---著名翻译家,她翻译的《安娜·卡列尼娜》,是这本名著最好的中文翻译版本;1949年毕业于清华大学外文系,不久进入人民文学出版社,一直从事外国文学编辑出	cr16
王嘉男 首枚世锦赛奖牌得主,出生于1996年8月27日	cr2
1948年,马思琚随丈夫,我国著名建筑学家汪坦冲破重重阻拦,奔赴东北解放区,担任中苏友好业余舞蹈学校副校长。	cr20
徐宝璜(1894年5月24日——1930年6月1日)字伯轩,江西九江人	cr2
2012 Clockenflap音乐艺术节 Clockenflap由Jay Forster、Justin Sweeting和Mike Hill于2008年创立,目的是为香港带来一个可以在户外欣赏到音乐及艺术的机会	cr34
动画制作公司“Manglobe”最早于2002年由SUNRISE制作人小林真一郎与河内山隆创立,他们的第一部作品便是于2004年制作的电视动画「混沌武士」	cr34
夏尔·米歇尔于1975年12月21日在那慕尔出生	cr2
8月15日，龙湖地产执行董事邵明晓接任首席执行官一职，原首席执行官吴亚军仍将担任公司执行董事兼董事会主席。	cr28
底波拉是拉比多的妻子,被称为“以色列之母”	cr20
何守正(1983年2月15日-),台湾篮球运动员,效力于台湾超级篮球联赛台湾大云豹	cr2
2015年11月2日,程子华之女林爽爽来到我馆,在纪念馆馆长杨士彪、副馆长白江的陪同下参观了展厅陈列。	cr21
盧慕貞十八歲時與孫中山結婚,並誕下三名子女──孫科、孫娫及孫婉	cr21
金田一京助之子金田一春彦也是一位著名的语言学者,即和池田弥三郎共同是《国语大辞典》的编者。	cr21
張錦麗丈夫潘維大,東吳大學校長,父親潘天祿,為臺北市第一屆市議員,妹妹是國民黨“立委”潘維剛	cr20
那么郎咸平从名校宾西法尼亚大学沃顿商学院博士毕业后在美国工作经历真是上面所说的那样都是终身教授吗	cr16
吳伯雄偕夫人戴美玉這次祭祖,陪同的親屬多數是第一次回鄉,包括居住在日本的二姊吳雪梅、妹妹吳瑞枝、住在美國長島的女兒吳璧玲、姪子吳志偉等,另外擔任國	cr21
洛多杰智合寺始有泛藏区佛教界三大贤哲玛释加牟,肴格迥,藏绕色及其侍卫拉隆华多师徒四尊密修-时共同建成	cr34
王太华,男,1973年6月加入中国共产党,1969年9月参加工作,中央党校研究生毕业,在职研究生学历,现任中共中央第二地方巡视组组长	cr16
吉林银行是长春市商业银行、吉林市商业银行以及另外5家城市信用社合并成立的银行，注册金达78亿元，拥有367家分行和6400名员工。	cr29
雅各布·帕里斯 生于1940年3月15日,巴西数学家	cr2
东塔是护国永光寺的附属建筑物,为清太宗皇太极敕建	cr34
贾一凡(JIA Yi Fan,1997年6月29日-),天津人,中国女子羽毛球运动员	cr2
1171年,在法蒂玛王朝哈里发阿迪德病危之机,萨拉丁宣布废除什叶派的哈里发,自立为素丹,在埃及建立阿尤布王朝	cr28
宗璞原名冯锺璞，是我清华大学外国语文学系的同学，比我低一班。	cr16
1876年,俄国军队在斯珂培莱夫将军率领下占领浩罕城,末代可汗纳西尔丁出降,浩罕汗国灭亡	cr28
1910年，刘伯承与程宜芝结婚，1912年生子刘俊泰。	cr20
05月18日,天水市市长杨维骏在伏羲文化旅游节会上参观集团莹豪产品	cr28
“商业内幕”现在坐落在纽约一个3700平方米的两层楼里。	cr37
不堪重负的张丹丹近日身体堪忧,而老公刘可也决定带女儿,让她休息	cr20
盛华仁 男,汉族,1935年9月生,江苏射阳人,1954年8月加入中国共产党,1951年1月参加工作,南京化学工业公司业余化工大专班毕业,大专学历,高级经济师	cr16
Andrzej是法国著名女星苏菲·玛索(Sophie Marceau)的前夫,两人于1985年结婚,夫妻档拍摄了多部作品,但在2001年离婚,他同苏菲有儿子Vincent,另外有两名孩子。	cr21
卡梅隆·佩恩(Cameron Payne),1994年8月8日出生于美国田纳西州巴特利特(Bartlett, TN),美国职业篮球运动员,司职控球后卫,效力于NBA俄克拉荷马城雷霆队	cr2
据介绍,付少云1976年12月17日生于湖南省永顺县毛坝乡,土家族,中共党员	cr2
蔡萬霖娶有兩妻,育有四男三女,其中大房周寶琴育有三男二女,二房蘇秀美育有一男一女	cr20
宝丽来总裁兼首席执行官 (CEO) 洪平石先生Scott W. Hardy说:“宝丽来创建了独特的社交网络,让用户与其他人即时分享当前的一刻”	cr28
1932年成舍我与留学法国归来的萧宗让女士结婚,生一男二女,长男成思危 ,三女成嘉玲,幼女成露茜。	cr21
伦佐·罗索曾就读于一所纺织品制造工业学校,1975年毕业后,他开始设计自己的服装	cr16
凯蒙斯·威尔逊(Kemmons Wilson)——假日酒店(Holiday Inn)创始人自1952年创建第一个假日酒店,不到20年间,他就把假日酒店开到了1000家,遍布全美国高速公路可以通过	cr34
不过从七月份开始,诺基亚MeeGo团队的核心成员Jussi Hurmola为了拯救这款被诺基亚抛弃的优秀系统,成立了创业公司Jolla	cr34
6月11日,清华控股董事长徐井宏,党委书记、副董事长龙大伟做客人民网,围绕“清华产业如何服务国家创新”的主题接受了在线视频访谈	cr28
新华网北京1月9日电 黎良明1952年9月1日生于越南清化,1974年毕业于越南对外事务大学,随后赴印度新德里贾瓦哈拉尔·尼赫鲁大学学习语言和英语文学	cr2
10月29日下午,漳州市委书记陈家东、市长檀云坤带领市直有关部门负责人,实地检查第七届农博会·第十七届花博会筹备工作	cr28
菅野祐悟(菅野 祐悟,Kanno Yūgo,1977年6月5日出生)是一名日本作曲家和音乐家,他为许多电视剧、电影和动画制作过原声音乐	cr2
易红,男,重庆万州区人,东南大学校长,教授、博士生导师;1990年获清华大学工学博士学位;同年进入东南大学任教,历任东南大学机械工程系党总支书记、系主任	cr16
埃迪尔森的全名为埃迪尔森.达席尔瓦.费雷拉,1970年9月17日出生,身高1.68米,司职前锋,	cr2
2012年10月14日,张维迎在母校西北大学110周年校庆作了题为“反思经济学”的演讲	cr16
而据寺志记载,一世噶玛巴?都松钦巴于公元1155年主持正式修建拉隆寺	cr34
3月2日,聊城市第十六届人民代表大会第一次会议选举宋远方同志为市人大常委会主任,林峰海同志为市长	cr28
山根美智留是日本当代著名游戏音乐作曲家,1963年9月23日出生于日本香川县	cr2
肯巴·沃克(Kemba Walker )1990年5月8日出生于美国纽约市布朗克斯区(The Bronx, New York),美国职业篮球运动员,司职控球后卫,效力于NBA夏洛特黄蜂队	cr2
2014年12月18日,中航技进出口有限责任公司新任总经理杨鹰、总会计师蔺焕盛、党委副书记唐建明带队视察了一公司承建的中航技研发展示中心工程	cr28
朗达玛死后,身后有二子,一个是小王妃所生的遗腹子,因为怕人暗害,晚上睡觉都不敢熄灯,因此取名俄松(意思是光佑),另一个则是正妃那囊氏抱养的孩子、	cr21
45年前,17岁的Jashoda离开学校,通过印度传统的包办婚姻同纳伦德拉·莫迪结为夫妻	cr20
戴笠与妻子毛秀丛生有一子戴善武(戴藏宜),有三个孙子(戴以宽、戴以宏、戴以昶)和两个孙女(戴眉曼、戴璐璐),其中戴璐璐早夭。	cr21
1916年起李光前在陈嘉庚的联益橡胶公司任职,1920年与陈嘉庚的长女陈爱礼结婚,成为陈嘉庚的乘龙快婿。	cr21
在中国拥有18000名员工(全球21000名员工)的埃顿服务为800多家客户的1000多个项目点提供服务。	cr29
保时捷CEO出任大众新CEO,大众原CEO辞职,最终,保时捷现任CEO马蒂亚斯·穆勒被选中来处理这场令大众汽车市值蒸发40%的危机	cr28
雅克·贝汉于1941年7月13日出生于法国,1957年从影,之后成为欧洲著名的男演员	cr2
9月11日,联合利华全球CEO保罗·波尔曼(Paul Polman)出现在杭州阿里巴巴总部,与阿里巴巴集团CEO张勇等高层会面	cr28
中共五大常委之一的任弼时，和妻子陈琮英一共养育了9个子女，其中有5个夭折或失散在革命战争年代。	cr20
12月24日,辽源市第七届人民代表大会第一次会议选举金育辉为辽源市市长	cr28
金基熙1989年7月13日出生于韩国釜山,身高达到187公分的他场上司职中后卫、右边后卫,也能胜任后腰	cr2
阿兰·马克斯·洛雷罗-阿兰·马克斯·洛雷罗(Allan Marques Loureiro,1991年1月8日-),是一名巴西足球运动员,现在效力于巴西足球甲级联赛的瓦斯科达伽	cr2
2006年6月5日王永慶以90歲高齡正式宣佈交棒,由其胞弟王永在的長子王文淵擔任集團行政中心總裁,王永慶女兒王瑞華出任集團行政中心副總裁,臺塑集團正式步入二代經營。	cr21
在上述这段时间内,马来亚共产党在大马和新加坡取得了某种半合法地位,党势到1939年中期发展到了40000人,其中半数在新加坡	cr29
克里斯蒂亚诺·卢帕特利(Cristiano Lupatelli,1978年6月21日-)是一名意大利足球运动员,司职守门员,现在效力于意大利足球甲级联赛球队佛罗伦萨	cr2
金·卡戴珊与坎耶·韦斯特的婚礼官方照片终于曝光了	cr20
柳得男(1928年1月25日-2013年12月30),台湾嘉义县民雄乡人,台湾著名命理师,人称“柳相士、“青瞑仙	cr2
UT斯达康CEO皮特·布莱克摩尔(Peter Blackmore)表示:“我们很高兴实现我们的承诺,利用位于杭州的未充分利用的设施来获取资金	cr28
1986年,李维汉夫人吴景之率领李维汉的五个子女,罗静松、李曦、李英、李铁映、李铁林回乡省亲,他们在李幼云的简易坟墓前鞠躬,并绕坟转了一圈,以表示对其先祖的怀念。	cr21
达尔顿·特朗勃 Dalton Trumbo 男,生于1905年12月9日,美国科罗拉多州,逝世于1976	cr2
杨向彬,女,山西省大同县西坪镇人,1973年11月18日出生,其父杨茂荣,母亲徐珍林	cr2
图雅皇后和塞提一世一共有四个孩子,大儿子很小夭折了,第二个儿子乌瑟玛瑞·塞特潘利·拉美斯·米亚蒙俨然成为法老的继承人	cr20
11月10日上午,芜湖市政府副市长、无为县委书记林绪文,县委副书记袁发林在县直相关部门负责人陪同下,来赫店镇检查美好乡村中心村建设进展情况	cr28
斯塔西·马汀(Stacy Martin),1991年1月1日出生于法国巴黎1,英国模特、演员	cr2
2013年6月19日,霍恩·久洛因病逝世于布达佩斯的医院,享年81岁,留下他的妻子安娜·基罗里(Anna Király)与两名儿子	cr20
1985年，程序员大卫·库克(DavidCook)创立了百视达。	cr34
根据当地时间15日早晨6时揭晓的以色列利库德集团选举的最终结果,利库德集团前任主席本雅明·内塔尼亚胡以绝对优势击败两名竞争对手,再次当选利库德集团主席	cr28
本赛季永昌队的中超联赛报名名单中显示,陈曾太郎1994年4月6日出生,身高178厘米,体重72公斤,司职前卫,籍贯广西	cr2
此谷中建有跋绒寺由塔波拉杰之徒跋绒巴·达玛旺久于公元12世纪中叶始建,达玛旺久是跋绒噶举的创始人	cr34
克拉克·格雷格(Clark Gregg),1962年4月2日出生于马萨诸塞州波士顿,美国演员、编剧、导演	cr2
5月19日,青海省黄南藏族自治州州委书记巨克中一行前来满洲里市参观考察	cr28
伊德耶·艾德·布朗于1988年10月10日生于尼日利亚的耶纳戈阿市,是一名足球运动员,司职前锋,目前效力于法甲的索肖	cr4
1935年唐义贞牺牲后,陆定一与严慰冰在延安结婚,生有两男一女,即陆德、陆健健、陆瑞君。	cr21
12月10日,湘潭市委副书记、市长胡伟林在全市落后小煤矿关闭退出工作领导小组会议上的讲话铿锵有力	cr28
10月17日至19日,福建省南安国光中学建校70周年暨校主李光前先生诞辰120周纪念活动在福建南安国光中学隆重举行	cr34
马库斯·埃里克森(Marcus Ericsson,1990年9月2日) 瑞典籍车手,效力于索伯车队	cr2
张树政院士,女,生物化学家,1922年10月生于河北束鹿县,1945年毕业于北京大学理学院化学系,获理学学士学位	cr16
1956年9月6日,秦蕴珊作为新中国北京地质学院的首批毕业生被分配到中国科学院海洋研究所	cr16
良羽,即董良羽,董必武的儿子。	cr21
王金平 (左)16日出席“台北摄影与数字影像艺术博览会”开幕酒会,也为参展人的王金平女儿王馨敏(右)说,“有时候会偷拍爸爸,他45度角最好看“	cr21
5月15日,中国国务院副总理马凯在北京中南海紫光阁会见美国花旗集团首席执行官高沛德	cr28
26日,定襄县县长刘亮放弃周六休息时间,到砂村双环重型机械有限公司项目用地问题进行现场办公,并与砂村支村两委干部和征地户进行座谈	cr28
11日,牟平区委书记李爱杰在养马岛赛马场大酒店,会见了韩中亲善协会会长李世基一行,双方就中韩产业园建设及金山湾滨海度假酒店集群项目进行了友好会谈	cr28
10月21号下午,怀化市委市长赵应云组织市局负责人,各区、县委书记、县长一行对溆浦青年电子商务创业园进行参观并了解创业园建设情况	cr28
屡败屡战的创始人 不停地创业,却屡创屡败,成为37岁的林海峰在没有创立东方日升	cr34
唐群英的丈夫曾传纲,是曾国藩的堂弟;而秋瑾的丈夫王廷钧,是曾国藩的表侄,家也在荷叶塘	cr20
7月29日下午,宁波通商银行总行行长仇卫平在副行长王天云的陪同下,前来慈溪支行开展座谈调研	cr28
李显龙总理的二儿子,李鸿毅在私人葬礼上致悼词,回忆和爷爷在生活中的点滴	cr21
16世纪从原金帐汗国南迁至河中的乌兹别克人的一部分的明格部落的部落首领沙鲁克建立了浩罕汗国,建立了政权	cr28
Crytek 董事总经理 Avni Yerli 补充说:“我们看到中国市场的巨大潜力,并且已经从我们在中国现有的8个授权伙伴那里中学到了很多,他们的行业背景涉猎广泛	cr28
丹尼尔·帕雷霍/Daniel Parejo,是一名西班牙足球运动员,目前效力西班牙足球甲级联赛的瓦伦西亚足球俱乐部	cr4
12月6日,中化集团刘德树总裁在中化大厦会见了来访的意大利埃尼集团董事长兼总裁Roberto Poli一行	cr28
郑又荣1989年12月14日出生于韩国蔚山市,身高1.86米、体重78公斤,擅长右脚踢球、精准长传球也是一个拿手绝活	cr2
许昌银行下设16家市区支行和4家县域支行,共有员工584人	cr29
黃洋達把坐牢說得輕鬆,更指着太太陳秀慧說,即使他再入獄「她也沒所謂」	cr20
12月22日,新干县县委书记刘毓名、县长包静率该县四套班子领导到二六三大队新瑞丰公司新厂区现场考察调研	cr28
2007年泰雷兹阿莱尼亚宇航公司在法国、意大利、西班牙、比利时和美国五个国家的13个工业地点拥有7200名员工。	cr29
6月,章乃器从重庆乘坐飞机到达上海龙华机场,杨美真带着章乃器的儿子章翼军前去迎接。	cr21
1996年11月,在德国慕尼黑市召开的第一届“世界维吾尔青年代表大会”标志着该组织的正式成立,第一届主席为吾买尔·卡那提	cr28
理查一世与妻子纳瓦拉的贝伦加丽亚的关系并不亲密	cr20
汪东兴的妻子姚湘娥曾担任过江西省公安厅警卫处副处长等职,后来也调入北京,曾任中央警卫团副政委、警卫处副处长兼警卫值班室主任等职	cr20
2012年08月22日,甘肃省张掖市第三届人大常委会第五次会议决定任命:黄泽元为张掖市人民政府副市长、代理市长	cr28
硕腾秉承了辉瑞动物保健 60 年的悠久历史,坐拥超过 300 种不 同的产品系列,并且在全球 120 个国家展开业务,拥有员工 9500 余人	cr29
12月24日下午,宣城市委书记姚玉舟到市人防办调研指导工作	cr28
邱德根讓兒子邱達成作幫手,重金聘請影視界名人	cr21
塞巴斯蒂安·库尔茨(外文名:Sebastian Kurz)(1986年8月27日—)是一名奥地利政治家、奥地利人民党党员	cr2
1940年从西南联合大学毕业后,关士聪考入中央地质调查所	cr16
罗林:罗荣桓与林月琴所生次女。	cr21
帖木儿在位时,失剌思属帖木儿之子米兰沙管辖,由于米兰沙精神混乱,帖木儿让米兰沙的两个儿子阿布·贝克尔和穆罕默德·欧玛尔协助父亲进行统治	cr21
闻一多的儿子闻立鹤不满父亲挂牌治印，怒气冲冲地责问闻一多这是不是发国难财。	cr21
2015年博鳌论坛召开,在“电子商务:线上线下的融合”论坛上,联合利华董事长Michael Treschow称,联合利华不是零售商,线上线下对他们很重要,要适应变化,和不同平台要多交流	cr28
2015年10月3日晚,湖北省荆门市市委副书记、市长肖菊华在“爱飞客之夜”上致辞	cr28
6月4日上午,泾县县委书记郭金友在县委常委、副县长余艳,县文广新局局长朱代胜等陪同下,实地调研该县文化文物工作现状	cr28
160 多年前,Theron T. Pond 在纽约的一间小实验室中揭开了首款旁氏护肤霜的面纱	cr34
林丹汗病故后,皇太极于1635年二月命多尔衮、岳托、萨哈廉、豪格领兵1万,前往鄂尔多斯寻找林丹汗子额哲	cr21
虽说毕飞宇一九八七年从扬州师范学院毕业后一直住在南京，但不论作品抑或他的口音，仍是化不开的苏北风情。	cr16
默林娱乐集团拥有22000多名员工，为世界6000多万客提供难忘又有价值的消费体验。	cr29
2016年4月1日,澳門國際機場專營股份有限公司(CAM)執行委員會主席鄧軍博士率公司管理層熱情接待澳門廣播電視股份有限公司(TDM)執行委員會主席白文浩先生	cr28
纳吉布 萨维里斯(Naguib Sawiris) 净资产:31亿美元 净资产:31亿美元 政治联系:自由埃及人党(Free Egyptians Party)创始人(2011年) 萨维里斯去年组建	cr34
佛山科学技术学院成考学院现有教职工1453人，其中专任教师808人。	cr29
世界著名的歌手Lady Gaga今夏与泰勒·金尼结婚的消息传出来之后震惊了全球歌迷和媒体,Gaga男友泰勒照片曝光后大家都赞是个帅气的型男	cr20
兰斯·史蒂芬森高中时期兰斯·史蒂芬森高中就读于纽约布鲁克林的林肯高中	cr16
三浦知良出生于1967年2月26日,出生于日本静冈县静冈市	cr4
祖父江義明(そふえよしあき、1943年5月2日 - ),千叶县出生,日本男性天文学者	cr2
塞尔焦·马塔雷拉(Sergio Mattarella)1941年7月23日生于西西里大区首府巴勒莫市,父亲贝尔纳多·马塔雷拉是意大利政坛名宿,曾担任运输部长和外贸部长等职务	cr2
叶楚贵 1994年9月8日出生在梅州,可以踢前锋、前卫、前腰多个位置	cr2
帖木儿的第三个儿子米兰沙残酷地镇压了这次叛乱,砍下的头颅堆成了几座塔	cr21
斯坦利·约翰逊(Stanley Johnson),1996年5月29日出生于美国加利福尼亚州富勒顿(Fullerton, CA),美国职业篮球运动员,司职小前锋,效力于NBA底特律活塞队	cr2
创始人:Charles Lewis Tiffany和Teddy Young 官网:www.tiffany.cn 【品牌简介】 蒂芙尼公司是一间于1837年开设的美国珠宝和银饰公司	cr34
1966年陆埮与武汉大学化学系毕业的才女周精玉结了婚,他们生有二子(轻锂、轻铀)和一女(轻铱)	cr20
5月18日,在惠州市第十一届人大三次会议上,中共惠州市委书记陈奕威当选为惠州市人大常委会主任,麦教猛当选惠州市人民政府市长	cr28
弗朗西斯科·莫拉桑-何塞·弗朗西斯科·莫拉桑·奎萨达于1792年10月3日出生,于1842年9月15日去世,是洪都拉斯将军、政治家,中美洲联邦共和国总统	cr28
1926年3月，任弼时和陈琮英在上海完婚，13岁的童养媳“姐姐”陈琮英小小年纪，非常懂事，要求到长沙去打工，赚钱供“弟弟”任弼时上学。	cr20
吴敬琏国务院发展研究中心研究员复旦大学经济系1952级校友。	cr16
1946年4月8日,叶挺子女叶扬眉与母亲和弟弟乘飞机由重庆回延安,遇上飞机失事,不幸遇难,叶扬眉当时才11岁。	cr21
原来这位被信徒供奉的“女基督”名叫杨向彬,1973年11月18日出生,山西省大同县西坪镇人,其父亲叫杨茂荣,母亲叫许珍林	cr2
咸涛1989年2月12日出生,身高182cm,体重78kg,司职中场,来自大连	cr2
1901年冬与小她五岁的蒋中正结婚，毛福梅是缠足的旧式女子，样貌一般，蒋介石对她并无好感。	cr20
秦基伟上将之子秦天少将怒砸4星石家庄黑社会饭店,有谁记得? 只看楼主 收藏 回复Nickhur  武林新贵 8  9月13日,秦军长和姬鹏飞之子姬红军二人10年未见,二老在	cr21
2001年,徐以新的夫人陆红离世,她的一半骨灰也合葬于此	cr20
2013年,陈路的丈夫、斯坦福大学教授托马斯·聚德霍夫荣获诺贝尔生理医学奖	cr20
从清华大学地质地理气象学系毕业算起,宋叔和已在祖国地质战线上拼搏了50余年	cr16
10月10日,正在朝鲜访问的中共中央政治局常委、中央书记处书记刘云山在平壤会见朝鲜劳动党中央政治局常委、最高人民会议常任委员会委员长金永南	cr28
拟任驻美大使佐佐江贤一郎,今年60岁,东京大学法学部毕业,进入外务省工作后,担任过综合外交政策局审议官、经济局长等,2005年出任亚洲大洋洲局局长	cr16
8月5日,韩国前总统金大中遗孀李姬镐(中)在首尔金浦机场向送行者告别	cr20
岸谷香(原名奧居香),是硬底子演員岸谷五朗的妻子,更是在80~90年代間GIRL POP最佳代表的「プリンセス プリンセス」(公主合唱團)主唱	cr20
索尼·威姆斯-索尼·威姆斯(1986年7月8日—)出生于美国阿肯色州西孟菲斯(West Memphis, AR),美国职业篮球运动员,司职得分后卫/小前锋,效力于立陶宛考纳斯扎尔吉里斯	cr2
1891年,20岁的唐群英遵父遗命(一说从母命)嫁与湘乡荷叶曾国藩的堂弟曾传纲为妻	cr20
1959年,倪匡与李果珍女士结婚,现有一女(倪穗)、一子(倪震)。	cr21
2014年1月17日下午,北镇市市委书记任军、政法委书记陈宝江、市委秘书长吴太勇等一行领导到北镇法院视察指导工作	cr28
白起的儿子叫白仲。	cr21
陈赓大将之女陈知进接受本报记者专访时说,陈赓日记是家风家训的好教材。	cr21
徐兴业不简单,徐元章也是,他遗传了父亲的身板,更兼家道中落,却也不折不挠	cr21
叶楚贵出生于1994年9月8日,广东梅州市梅县区人,身高1.77米,体重70公斤,司职前场多个位置	cr2
金栗四三1891年8月20日出生于九州熊本县和水町,在他上高中时,因为学校离家远,所以他每天都得跑12千米上下学	cr2
公司的前身为北京像素软件科技有限公司,由刘坤、刘岩、陈铭、杨云龙、陈雪峰和李江于2002年31月18日共同出资设立	cr34
J·K·西蒙斯(J·K·Simmons),1955年1月9日出生于美国密歇根州,美国影视配音演员	cr2
贾平凹、迟子建、雷抒雁……这一串在陕西文坛、国内文坛响当当的名字,都出自一个被称为“作家摇篮”的地方——西北大学作家班	cr16
阎学通现年64岁,拥有加利福尼亚大学伯克利分校的政治学博士学位	cr16
艾米·舒默 (Amy Schumer) 1981年6月1日出生美国,纽约	cr2
太阳诱电株式会社成立于1950年3月，注册资本约为2亿美金，2005年销售额达15.9亿美金，员工19656名。	cr29
1910年春,贺龙奉父母之命,与比他大7岁的童养媳徐月姑结婚,并生下长女贺金莲。	cr21
根据欧洲南方天文台总干事蒂姆·德泽乌(Tim de Zeeuw)介绍:“这是一项杰出的工程,也是欧洲南方天文台非常美好的一天,我们现在正按计划表向这个目标前进”	cr28
罗德里戈·埃利/Rodrigo Ely,是一名出生在巴西的意大利足球运动员,目前效力意大利足球甲级联赛的AC米兰足球俱乐部	cr4
如今的泰诺健已经位居世界第二大健身器材公司,在全世界范围内设有12家直属分公司,拥有员工1400多人,85%的产品在全球100多个国家销售	cr29
瑞恩·约翰逊(Ryan johnson)出生于1984年11月26日,身高1米86,体重81公斤,作为牙买加现役国脚	cr2
叶挺将军之长子叶正大中将是新中国培养的第一批航空专家，俄罗斯齐奥可夫斯基宇航学院国际院士	cr21
2月2日下午,广东省南雄市市委书记、市人大常委会主任曾风保,市委副书记、市长王碧安一行来到我县商谈南雄至信丰高速公路连接事宜	cr28
鲁邦三世的作者于1937年5月26日北海道鲁邦三世厚岸郡在出世,原名为加藤一彦	cr2
多梅尼科·贝拉尔迪,多梅尼科·贝拉尔迪出生于1994年8月1日,今年20岁,身披25号的他场上能踢前锋和边锋	cr2
刘大卫 (David Liu), 创始人及首席执行官, 街旁网 Gemme van Hasselt, 创始人及首席运营官, 大淘团 / 喇叭网 车品觉 (Herbert Chia), 支付宝首席商业智能官	cr34
8月3日晚，大S和汪小菲夫妇为女儿汪希玥在北京举办了百日宴，大S、汪小菲一家三口同台，张兰、大S的母亲和妹妹小S悉数到场。	cr21
弗兰克·里布(Franck Riboud)达能集团(Group Danone)首席执行官,将一家地区性乳品公司发展成全球巨头	cr28
Hulu的第一任CEO詹森·基拉尔(Jason Kilar)今年3月离职,目前暂时由内容高级副总裁安迪·福赛尔(Andy Forssell)接替	cr28
李朝义是神经生物学家,1934年7月28日生于重庆,1956年毕业于中国药科大学,中国科学院神经科学研究所高级研究员,1999年当选为中国科学院院士	cr16
曾璟璇于1992年加入渣打银行,是前特首曾荫权之妹,曾任渣打中国区执行副主席及总裁等职位	cr28
1146年粘割韩奴经由高昌回鹘王国到达西辽直辖领地,正值感天后萧塔不烟到野外,粘割韩奴对感天后十分无礼,结果被感天后杀死	cr28
1948年底,王芸生庆毛泽东之邀北上,途经香港时与夫人冯玉文、小女儿王芝瑜合影。	cr21
民國38年裕隆汽車創辦人嚴慶齡、吳舜文夫婦	cr34
克里斯·巴克(英语:ChrisBuck,1960年10月25日-)是一名美国动画师、电影导演和编剧	cr2
25日上午,惠安县委书记肖汉辉、县长洪于权率县四套班子到我县,参观考察电子商务发展情况	cr28
1982年,仇和从南京农学院植物保护学系植物保护专业毕业后进入江苏省农业	cr16
孔健,出生于青岛,山东大学日本语专业毕业,1985年进入日本上智大学留学,先后获新闻学硕士和博士学位	cr16
商春松-商春松,女,1996年3月16日生于湖南省湘西土家族苗族自治州永顺县	cr2
宋楚瑜夫婦和胡窕容站在第一排,緊隨其後的是宋楚瑜的弟弟宋楚聖夫婦、妹妹宋楚瓊、宋楚玉以及兒子宋鎮遠等親屬	cr21
卡雅·斯考达里奥(Kaya Scodelario),1992年3月13日出生于英国伦敦海沃兹希思,演员和模特	cr2
1943年2月,李天霞升任七十四军副军长,与该军政工队员罗璐小姐结婚	cr20
香港银都机构有限公司现任董事长兼总经理宋岱先生系中共党员,经济学硕士、高级经济师	cr28
河太均1987年11月2日出生,身高187cm,体重76kg,司职前锋,他曾多次入选韩国国奥队和国家队	cr2
陈永奇此前任阳泉市副书记、市长	cr28
2008年3月,基因泰克拥有超过11,000名雇员,首席执行官是Arthur D. Levinson	cr29
王震大儿子王兵曾经担任深圳海洋直升机董事长;二儿子王军曾经在荣毅仁主政的中信公司担任副手,后出任董事长	cr21
近日，山东省新闻出版局根据《报纸出版管理规定》和《期刊出版管理规定》等法规，针对《蓝色快报》等9家违规报刊出版单。	cr37
佩塔尔·耶利奇(1986年10月18日-),是一名塞尔维亚族波黑足球运动员,前波黑国家队中锋,他曾效力于德国纽伦堡俱乐部	cr2
成交价或低于5000万元 力帆集团黯然抽身足球, 15年前,尹明善以5580万元收购重庆前卫寰岛红岩足球俱乐部,并重新组建重庆力帆足球俱乐部;	cr34
2008年8月,成都大熊猫基地远在美国亚特兰大动物园的11岁大熊猫“伦伦”产下喜兰。	cr21
色迦棍钦寺,是由修行者冬敦·然巴珠赛于1333年创建,由于冬敦来自康区	cr34
11月16日,集团公司党组成员、副总经理时家林在总部会见了鄂尔多斯市委书记白玉刚、副市长赵文亮一行	cr28
杨进先在中秋节前被控制,同时被控制的还有其妻子聂维军以及女儿杨紫	cr20
小出保太郎是名古屋人,出生于1903年3月13日,他在去年8月被吉尼斯世界纪录认证为“尚在世的全球最高龄男性”	cr2
2012年3月9日,楚雄彝族自治州第十一届人民代表大会第一次会议选举卢显林为楚雄彝族自治州第十一届人民代表大会常务委员会主任,选举李红民为楚雄彝族自治州人民政府州长	cr28
每月活躍用戶人數逾40萬的Timable,3年前由兩名80後高立基(左)和阮文朗(右)以接近零成本創立	cr34
许良英和夫人王来棣生有两个儿子，大儿子许成钢是著名经济学家，小儿子许平是水利工作者。	cr21
本期狮子座运动员栏目,小编将要为大家介绍的是,1989年08月14日出生于西班牙毕尔巴鄂的安德尔·埃雷拉	cr4
1927年1月李莎与李立三结婚,并与李立三在一起生活了较长时间,还为李立三生了三个女儿:大女儿李竞,二女儿李力,另一个就是后来找到的谢志佩。	cr21
安得思: 1914年与伊维特·博勒普(Yvette Borup)结婚	cr20
北京电脑爱好者杂志社，位于北京市海淀区北下关白石桥路48号,主营电脑爱好者杂志出版	cr37
1035年,納瓦拉王國國王桑喬三世死後,拉米羅攞到阿拉貢,成為獨立王國,叫拉米羅一世	cr28
11月30日,纳斯达克总裁罗伯特·格赖费尔德(Robert Greifeld)首次访华后的第2天就站在了清华大学的讲演席上向未来的潜在客户发出邀请	cr28
42岁的伊丽莎白·班克斯,1974年2月10日出生于Pittsfield,是在5月12日上午11时,因不明原因而死亡	cr2
江西财经大学现有教职工2197人，专任教师1395人，其中有教授230人、副教授422人。	cr29
章乃器的第二位夫人胡子婴育有一女章湘谷	cr21
2015年5月6日,中国驻朝鲜大使李进军在平壤万寿台议事堂到任拜会朝鲜最高人民会议常任委员会副委员长杨亨燮	cr28
1967年，金正日同由父亲金日成介绍的朝鲜革命烈士遗孤洪一天结婚	cr20
习仲勋长子习富平,虽然是“文革”前中国科技大学自动控制专业毕业的大学生,但毕业后一直在陕西户县终南山一个山沟某单位工作,一呆13年	cr21
克雷格·伊斯特蒙德(英语:Craig Leon Eastmond,1990年12月09日-)出生於英格蘭倫敦,是一名英格蘭足球運動員,司職防守中場,也可擔任右後衛,現效力英超球队	cr4
张剑飞,男,汉族,1962年11月生,湖南邵东人,中共党员,毕业于美国加利福尼亚大学伯克利分校,就读土木工程系运输工程专业,获得博士学位,教授级高级工程师,同济大学博士	cr16
梁稳根的儿子梁在中梁在中，1984年生，毕业于英国华威大学。	cr21
亚伦·保尔 (Aaron Paul) 与身穿复古比基尼的太太Lauren Parsekian现身科契拉音乐节	cr20
小出保太郎是名古屋人,出生于1903年3月13日,他在去年8月被吉尼斯世界纪录认证为“尚在世的全球最高龄男性”	cr2
03月28日,瑞典马尔默市市长Ilmar Reepalu率团到康佳集团参观考察,董秘肖庆在公司展厅热情接待了市长先生一行	cr28
6月8日,鄂尔多斯市市委副书记、市长廉素一行到伊东集团检查指导工作	cr28
10月10日,北京市第一中级人民法院一审公开开庭审理了吉林银行原党委书记、董事长田学仁受贿案	cr28
捷成汉先生于1956年11月15日出生于丹麦,为捷成集团工作已有30年	cr2
何婉琪与何鸿章的结晶——麦慧玉。	cr21
1936年9月,卢鹤绂于燕京大学物理专业毕业,在系主任的推荐下,卢鹤绂前往美国明尼苏达大学主修物理、辅修数学	cr16
格雷戈里奥·曼萨诺(Gregorio Manzano),1956年3月11日出生于哈恩,西班牙人,足球教练,于2014年签约北京国安足球俱乐部	cr2
蓝旗亚汽车公司建于1906年,由文森佐?蓝旗亚(Vincenzo Lancia)先生创立	cr34
毛森之子,毛河光先生祖籍江山市石门镇和仁村,其父毛森是中国国民党陆军中将	cr21
2015年10月27日,渭南市市长李明远带领第二观摩组一行来到华阴市华岳小学检查指导教育工作	cr28
创办人和首任主编为英 国传教士麦都思 ,他 曾参与编辑 或主编过 《察世俗》、《特选撮要》、《东西洋考》、《各国消息》等中文期刊, 具有丰富的编辑出	cr34
辜朝明生於日本神戶市,畢業於美國加州大學柏克萊分校,約翰•霍普金斯大學經濟學博士,1981年,進入紐約聯邦準備銀行工作	cr16
成舍我和女儿成幼殊,不同的人生之路,一样坎坷,一样精彩。	cr21
雅各布·穆伦加出生于1984年2月12日,身高185cm,场上司职前锋	cr2
叶楚贵-叶楚贵出生于1994年9月8日,广东梅州市梅县区人,身高1.77米,体重70公斤,司职前场多个位置	cr2
库兹马诺维奇是出生在瑞士的塞尔维亚国脚,现在效力于德甲斯图加特	cr4
陆埮院士的夫人周精玉教授也作了报告,勉励学生要爱国,要奋斗	cr20
3月24日汤化龙东渡日本为夏夫人扫墓,并与儿子汤佩松、女儿汤佩琳在异国团聚。	cr21
凭借着咬定青山不放松的毅力,原毅不仅学业有成,获得莫斯科大学法学博士学位,事业也是风生水起	cr16
内蒙古 喇嘛库伦庙 (集惠寺) .  喇嘛库伦庙的创始人是罗桑贡措热西活佛,当时率二十名徒弟从尊称“上师庙”	cr34
金大中長子金弘一於2001年末也被曝涉嫌腐敗。	cr21
據悉,蔣萬安在台灣念完大學後,便赴美國留學,先後獲得賓州大學法學碩士和法律博士學位	cr16
1966年12月,基弗·萨瑟兰生于英国伦敦,父亲为唐纳德·萨瑟兰(Donald Sutherland)母亲为雪莉·道格拉斯(Shirley Douglas)。	cr21
柯俊雄1970年与台湾电影演员张美瑶结婚,并育有大女儿柯懿珊和小女儿柯品吟。	cr21
1982年,美國最南端市基韋斯特市的市長丹尼斯·沃德婁宣布獨立,成立海螺共和國	cr28
1978年，FransHeesen在荷兰Oss1创立的Heesen游艇制造公司，是荷兰境内第一家成功将铝合金材料引入到游艇船体筹建中的造船厂。	cr34
1970年，金正日与洪一天离婚。	cr20
譚燕玉出生於廣州,幼年隨家人移居香港,畢業于香港理工大學時裝學院,現居紐約	cr16
张一诺,1994年7月14日出生,身高189CM,体重82KG,是成都足球青训系统培养的优秀球员	cr2
编者注:本文来自读写网对Reddit CEO Alexis Ohanian 的专访	cr34
乔·霍基(Joe Hockey,1965年8月2日-),全名约瑟夫·本尼迪克特·霍基(英语:Joseph Benedict Hockey),澳大利亚政治家,自由党党员	cr2
莱昂·本科1983年11月11日出生,身高1.85米,司职前锋,曾效力于德国纽伦堡、比利时标准列日等俱乐部,现效力于克罗地亚里耶卡,合同将于2014年6月30日到期	cr2
1977年,朴志晚毕业于中央高等学校,后来又进入韩国陆军士官学校学习,但其父亲朴正熙数年后惨遭枪杀,这给朴志晚的内心留下了创伤。	cr21
扎克·拉文( Zach LaVine),1995年3月10日出生于美国华盛顿州伦顿(Renton, WA),美国职业篮球运动员,司职控球后卫,效力于NBA明尼苏达森林狼队	cr2
卡梅伦·麦克沃伊(Cameron McEvoy),出生于1994年5月13日,澳大利亚游泳运动员,主攻男子100米、200米自由泳项目	cr2
成立于1948年的国际军事体育理事会拥有133个成员会员	cr29
21世纪基金会是前台湾省议会议长高育仁创办，现国民党候选人朱立伦是他的女婿，高育仁之子、前“立委”高思博则是周韵采的夫婿。	cr20
阎学通是位著名国际政治学者,毕业于加利福尼亚大学伯克利分校的政治博士,目前担任的职务有中国人民外交学会理事、中国国家安全委员会高级研究员等	cr16
生命科学学院院长卜文俊在主持论坛时介绍,复旦大学毕业后,张亚平院士前往生物物种丰富的云南省,扎根西部,进行长期艰苦的研究,在科研方面取得了显著的成绩	cr16
洪惟仁簡介：洪惟仁一九四六年六月十九日出生於嘉義縣新港鄉,一九六九年獲私立中國文化學院中文系學士	cr16
6月9日,名人网CEO于萍与记者朱强拜访了徐海东大将之女徐文惠。	cr21
1937年(另一说1936年),金庸从袁花龙山学堂(现袁花镇中心小学)毕业,同年考入嘉兴中学(现嘉兴一中),	cr16
清代初期,皇太极先后修建了实胜寺(皇寺),以及护国永光寺、护国广慈寺、护国延寿寺、护国法轮寺“四寺四塔”	cr34
1969年,製造和銷售咖啡的日本大公司「UCC上島咖啡」的創始人上島忠雄氏,基於想讓人們隨時隨地都能喝上咖啡的想法,開發了罐裝咖啡,並成功培養了這一暢銷產品	cr34
黄永胜子女都是谁?黄永胜有四个儿子,分别是长子黄春光(项阳)、次子黄项林、三子黄春耀(项辉)、四子黄项勇。	cr21
叶选平儿子叫叶新福,是香港万信证券总裁,广州南湖高尔夫俱乐部董事长	cr21
就这样,刘海粟表示为张韵士和她生的两个儿子负担生活费,并将这所住房留给张韵士,他自己搬到美专去住	cr20
刘晓、张毅夫妇联合潘汉年的老战友夏衍和史永(沙文威)向中央写信要求对潘案进行复查	cr20
许光达大将的儿子许延滨少将曾今担任过中国解放军装甲兵工程学院院长。	cr21
2012年2月17日，法国自行车手RobertMarchand正在瑞士埃格勒国际自行车联盟的训练馆里向新纪录冲击，教练在为他鼓劲。	cr37
濑户大也(日本),1994年5月24日出生,身高174CM	cr2
黄河科技学院师资队伍雄厚，现有专职教师1188人，外聘教师577人，其中具有高级职称的教师近50%，青年教师中80%具有研究生学历。	cr29
莫绍揆1917年8月13日诞生于广西桂平县,南京大学教授,广西桂平人	cr2
威利·考利-斯坦因威利·考利-斯坦(Willie Cauley-Stein),1993年8月18日出生于美国堪萨斯州斯皮尔维尔(Spearville, KS),美国职业篮球运动员,司职中锋	cr2
前国家主席江泽民的孙子江志成毕业于哈佛大学(Harvard),在离开高盛香港办事处之后,加入中国投资公司博裕投资顾问有限公司(Boyu Capital Advisory)	cr16
1月7日下午,新干县县委副书记、县长刘毓名来到青铜文化公园专门调研绿化工程建设	cr28
10月10日下午,徐海东大将之女徐文惠、外孙女徐梅梅在集团交通公司经理王健的陪同下参观交通公司承建的徐海东大将纪念馆及亲属烈士陵园改造项目。	cr21
10月14日,潢川县县长兰恩民做客河南产业集聚区网,并围绕产业集聚区建设和招商引资问题与河南集聚产业咨询有限公司首席顾问杨建国进行交流	cr28
1928年,贺龙奉命去湘鄂边组织武装,无暇照顾女儿,故而贺金莲留在上海。	cr21
西姆·布拉尔,西姆·布拉尔(Sim Bhullar),1992年12月2日出生于加拿大多伦多,职业篮球运动员,司职中锋,效力于NBA萨克拉门托国王队	cr2
加藤一彦(Monkey Punch)(monkey punch) 生于1937年5月26日,北海道浜中町出身	cr2
在中国拥有18000名员工(全球21000名员工)的埃顿服务为800多家客户的1000多个项目点提供服务。	cr29
《淡水小镇》改编自桑顿·怀尔德的《OurTown》，由台湾果陀剧场创始人、著名导演梁志民导演。	cr34
1943年,吉原信之在东京的板桥区创立三阳商会株式会社,当时的主业是制造和销售电气相关的工业用品和织造产品	cr34
10月16日上午消息,前《第一财经日报》总编辑秦朔离职创业项目	cr34
我们致力于通过出色的响应、全面的服务来帮助客户简化产品选择、采购和安装流程Swagelok世伟洛克公司在全球大约聘用了4000名员工。	cr29
那还是在一年以前——1931年,湘赣苏区迎来了一位刚从苏联莫斯科中山大学毕业回国的青年,他就叫甘泗淇	cr16
臧克家先生次子、中国国际广播电台资深翻译家臧乐安先生,中国诗学研究中心主任、重庆市现当代文学研究会会长、重庆市文联荣誉主席、西南师范大学博士生导师	cr21
李先念女儿李小林 现任中国人民对外友好协会副会长的李小林是李先念和林佳楣最小的女儿,也是“最不听话的孩子”,喜欢自由,不愿意被人管	cr21
由于比利时的大学没有开设汉学系,钟鸣旦慕名来到荷兰莱顿大学深造,获得汉学研究学士和硕士学位	cr16
2014年7月5日,广东盐城商会部分主要领导在北京邀请新四军军长、开国元帅陈毅之子陈丹淮,新四军参谋长、开国上将赖传珠之子赖小鹏,新四军三师师长、开国大将黄克诚之子黄晴，新四军三师八旅政委、开国中将吴信泉之子吴皖湘等人，向他们汇报广东省盐城商会近期工作情况。	cr21
1937年(另一说1936年) 金庸从袁花龙山学堂(现袁花镇中心小学)毕业,同年考入嘉兴中学(现嘉兴一中),离开家乡海宁	cr16
赤崎勇 1929年1月30日出生于鹿儿岛县,1952年毕业于京都大学理学部	cr2
叶剑眉,是叶挺和李秀文之女。	cr21
凯尔·麦克拉克伦,演员、导演,1959年2月22日生于华盛顿区亚基玛市一中产家庭,高中时参加剧团演出	cr2
7月28日下午,集团公司董事长、党委书记郝晓晨,总经理、党委副书记邢天虎与安康市市长徐启方,副市长赵俊民一行进行了座谈交流,双方就深化企地合作进行交流	cr28
马蒂亚斯·萨默尔-马蒂亚斯·萨默尔(MatthiasSammer，1967年9月15日-)出生于东德德累斯顿，前德国足球运动员，现为足球教练。	cr4
马冲冲,1991年01月17日出生于河南省洛阳市,回族,曾入选中国国家青年男子足球队;曾效力于北京国安队,河南建业队以及等	cr4
創立於1978年的燦坤跟小編的年紀差不多,以創辦人吳燦坤的名子做為商店的名稱	cr34
吉村公三郎(1911年9月9日 — 2000年11月7日)日本电影导演	cr2
1956年,KOSE高絲化妝品社長小林孝三郎, 以「擠身世界一流的化妝品」為目標創立ALBION	cr28
張榮發在世時,就已將巴拿馬商長榮國際股權分配好,由張榮發、長子張國華、次子張國明、三子張國政及么子張國煒代表的雲杉公司各拿20%,分配上相當公平	cr21
如清华大学在举办第二届艺术节时,特地邀请老校友英若诚去参加	cr16
2月22日,在山东“两会”召开之际,中共日照市委书记杨军做客新华网,就日照市如何借助蓝色经济,推进产业转型升级等问题接受了新华网的专访	cr28
1998年9月5日,金英柱当选为朝鲜最高人民会议常任委员会名誉副委员长	cr28
小理查德1932年12月5日出生于美国的佐治亚州,祖父和叔叔都在教堂为上帝服务,父亲在尘世开店专卖冒牌威士忌	cr2
艾托·卡兰卡(Aitor Karanka,1973年9月18日-),是一名已退役的西班牙足球	cr2
“艾尼克斯社长福岛康博,将于圣诞节当夜前往sfc发布现场,鄙人将带领勇者斗恶龙创作团队崛井雄二,中村光一,椙山浩一前往秋叶原,为sfc首发助阵	cr28
(前排左至右)Green Monday 聯合創辦人魏華星,Green Monday 國際大使古巨基,香港機場管理局企業發展執行總監馮永業,運輸及房屋局副局長邱誠武,行政會議	cr34
1986 年高希均先生、王力行女士及張作錦先生創辦遠見雜誌,多年來深受海內外讀者的肯定	cr34
名字来源于希区柯克的著名电影《西北偏北》(North by Northwest),联合创始人 Louis Black 索性给这个当时还只是主打音乐的艺术节取名为” 西南偏南”	cr34
博古、张越霞与孩子秦铁、秦新华、秦钢(自左至右)在延安合影。	cr21
其妻子呂來春女士亦為了紀念溫世仁先生在公益上的志業,創立了財團法人溫世仁文教基金會	cr34
明朝末年噶玛巴寺院衰落,格鲁派证空高僧丹玛次成嘉措,在此地修建了一些禅房,带领数十名弟子在此处修禅,称“禅林”——这就是天堂寺的前身	cr34
施耐庵接信后,带着妻子申氏、二弟彦才和学生罗贯中,搭了民船,冒着烽烟,悄悄渡江北上,直奔兴化而来	cr20
柳承佑出生于1993年12月17日,身高171厘米体重59公斤,可以胜任攻击线的多个位置	cr2
王平上将儿子范晓光中将(1945.07—)湖北阳新人。	cr21
大村智1935年7月12日生于山梨县韮崎市,1958年毕业于山梨大学学艺学部,1965年进入北里研究所工作,1968年获得东京大学药学博士学位,1970年获得东京理科	cr2
东京大学著名校友今村明恒(1870年6月14日-1948年1月1日),日本地震学家	cr2
张志新的女儿曾林林正好从沈阳来京看病,住在张志勤家,张志勤的母亲也已从天津住到北京张志勤这里	cr21
11月8日上午,市委书记虞爱华、市长魏晓明,在北京会见了中央新影集团董事长、总裁金越和中央电视台体育频道总监江和平,就促进安庆文化体育旅游产业发展交流了意见	cr28
中国乐凯现有员工7300余人,其中中国工程院院士、博士、高级工程师以及各类专业技术人员2000余人	cr29
卜鑫,1987年5月17日出生于河北省唐山市,中国足球运动员	cr4
彼得·卡帕尔蒂(Peter Capaldi),1958年4月14日出生于英国苏格兰格拉斯哥	cr2
埃迪森·托洛扎·科罗拉多(ÉdisonTolozaColorado,1984年6月15日-),是一名哥伦比亚职业足球运动员,司职前锋	cr2
吴邦国委员长夫人章瑞珍、全国人大常委会副委员长兼秘书长李建国等陪同人员参加了上述活动。	cr20
亨利·希姆斯-亨利·希姆斯(Henry Sims),1990年3月27日出生于美国马里兰州巴尔的摩( Baltimore, MD),美国职业篮球运动员,司职中锋,效力于NBA菲尼克斯太阳队	cr2
章乃器近况及相关资料: 第一任妻子(原配),王镜娥(1897年—1963年) ,育有三子两女(二子早期夭折),章湘华、章翼军、章畹(婉华),均为国内高级人才	cr21
张生家教授,在德国海德堡大学获得神经生物学分子和细胞生物学博士学位	cr16
《步辇图》描绘的是唐贞观十五年(公元641年)太宗李世民接见吐蕃赞普松赞干布派来迎娶文成公主的使臣禄东赞的场景	cr28
从2010年至今,迪卡侬中国仓储总面积超过100,000 ㎡,员工人数接近1000人	cr29
毛森三子毛河光于1980、1984年先后应中国地质科学院、浙江大学之邀,从美国回大陆讲学、观光	cr21
刘海东出生于1995年2月28日,身高1米82,体重76公斤,司职后卫,现效力于中超球队广州恒大	cr2
飛躍55,精機起舞,佰億基礎,大展鴻圖 1954年秋冬之際,兩位創辦人黃奇煌先生與李道東先生,於火車上共同為「台中精機」命名,於始台中精機誕生於台中市	cr34
2013年9月23日,广西来宾市第三届人民代表大会常务委员会第十七次会议决定任命:庞标益为来宾市人民政府副市长	cr28
刘伯承女儿刘弥群谈刘邓关系:改革开放以来盛传刘伯承和邓小平的关系很好, “刘邓不能分”	cr21
而博士弟子员出身、毕业于京师大学堂的吴景濂和留日学生吴禄贞、蓝天蔚等都在奉天政府任过职	cr16
斯坦利·麦克里斯特尔出生于1954年8月14日,1976年毕业于西点军校	cr2
朱塞佩·西格诺里(Giuseppe Signori,1968年2月17日——)男,出生于意大利中北部阿尔扎诺的隆巴多镇,曾效力于:皮亚琴察、福贾、拉齐奥、桑普多利亚	cr4
金基熙出生于1989年7月13日,身高188cm,在场上可以司职中后卫、后腰、边后卫等多个位置,是现 役韩国国家队成员	cr2
公司于1983年由泰诺健股份公司的奠基人兼董事长Nerio Alessandri先生创建,今天拥有1400多名员工	cr29
Base FX联合创始人、副总裁谢宁所提到的Chris正是Base FX公司CEO、美国人Christopher Bremble,圈里人习惯称呼他为Chris	cr28
1945年於台中出生的張憲義,陸軍理工學院畢業後派中科院籌備處任職,隨後選派赴美田納西大學攻讀核子工程,獲碩、博士學位,1976年返國服務,任職行政院原能會核能所,1984	cr16
如今，EF英孚教育遍布全球52个国家，帮助了1500多万学员，员工和培训师多达37000多人。	cr29
学术实力伦敦南岸大学拥有25，375名大学学生和1700名教职员工。	cr29
6月13日 因亏损,雷曼兄弟CEO Richard Fuld解雇财务总监 Erin Callan和总裁Joseph Gregory	cr28
前駐日代表許世楷與妻子盧千惠談梅心怡	cr20
民國前8年(西元1904年)日俄戰爭爆發,沈敦和等人於上海英租界成立「東三省紅十字普濟善會」,此為中華民國紅十字會之先聲	cr34
导演简介:阿历克塞·巴拉巴诺夫,俄罗斯著名导演,生于1959年2月25日	cr2
10月14日,县长吕旅主持召开新县第十三届人民政府第二十次常务会议	cr28
黃春明的兒子黃國峻,於二三年六月二十日,結束了短短三十二歲的生命。	cr21
1969年年彰化縣私立達德高級商工職業學校 類型 私立高級職業學校 地區 中華民國 臺灣彰化縣田中鎮 年級 一年級、二年級、三年級(含夜間部) 創校人 魏志英 校長	cr34
6月25日,广安市委书记侯晓春在接受全国知名网络媒体和网络名人集体采访时指出,发展经济的目的是为了保障和改善民生,GDP应多些“幸福”的味道	cr28
阎宝航,这位上个世纪20年代中期留学英国爱丁堡大学研究院、代号“保罗”的中共高级“特工”当时不过54岁,但是对于处在襁褓里的外交部,对于众多风华正茂的年轻外交官	cr16
当地时间11月18日,市委书记薛晓峰率领的中山市经贸代表团结束南非和以色列活动,转战欧洲展开“靶向招商”,抢占对欧合作的新高地	cr28
刘伯承元帅的女儿刘弥群少将,市委常委、宣传部部长何事忠,重庆警备区政治部主任刘德伟少将出席开馆仪式	cr21
1944年8月21日,彼得·威尔(Peter Weir)出生于悉尼一个地产商的家庭	cr2
阿德南的官方登记年龄为1993年12月19日,不过,由于伊拉克93年龄段被质疑为大面积更改年龄,阿里·阿德南等核心球员被普遍怀疑属于“以大打小”的典型代表	cr2
任质斌与胡志学,这对相濡以沫、患难与共的革命伴侣,一生共生育五个孩子	cr20
4月1日下午,刘伯承元帅的三女儿刘雁翎及女婿张驰携儿子儿媳到涉县八路军一二九师纪念馆缅怀先父。	cr21
当强孜译师在洞中修炼期间,他们先后鼓动罗达·司徒却追仁钦修建了协格尔曲德寺	cr34
黄锡镐,1989年6月27日出生,司职后卫,现效力于日本职业联赛广岛三箭足球俱乐部	cr2
里卡多·高拉特·佩雷拉,高拉特,1991年5月5日出生于巴西圣保罗州 ,身高182cm,体重80kg	cr2
女大学员陆红与教员徐以新,通过交际舞恋爱结婚,一年后怀孕了	cr20
1965年,李健熙从早稻田大学毕业,前往美国乔 治·华盛顿大学就读管理学研究生	cr16
方志敏的三儿子名叫方竹,方竹后来改名方明,他是方志敏的儿子中寿命最长的,新中国成立后他曾前往苏联留学,留学归来的的方明在自己的岗位上默默奉献。	cr21
李锦记创始人李锦裳在珠海一个村庄里发明了蚝油，从小作坊开始，经历了李家四代人的努力，李锦记已经脱胎换骨，产品销售80多个国家和地区。	cr34
J·K·西蒙斯-J·K·西蒙斯(J·K·Simmons),1955年1月9日出生于美国密歇根州,美国影视演员	cr2
盛发强,探路者控股集团股份有限公司董事长兼总经理,26岁创业,30岁成立探路者,39岁读清华,40岁企业上市	cr28
此前，韩联社曾报道称，金正恩的胞妹金与正已嫁给崔龙海的次子崔成。	cr20
福布斯方面指出，“企鹅帝国”在马化腾的引领下，执行开放战略，不断增加产业链投资，保持了腾讯平台的活力和黏性。	cr28
1月18日下午至1月19日,淮南市长王宏前往寿县调研交通建设、交通安全等工作	cr28
柯俊雄1970年与台湾电影演员张美瑶结婚,并育有大女儿柯懿珊和小女儿柯品吟。	cr21
利百代国际实业股份有限公司原名『百代实业股份有限公司』,为创办人王松振手创,从1948年﹝民国37年﹞自大陆渡台,独资创设『利华贸易行』并以“LIBERTY”为名从事进口贸易	cr34
自北京大学毕业后，彭清华仍一直从事党务工作。	cr16
陈毅女儿陈珊珊,说起陈毅女儿陈珊珊,相信熟悉陈毅的人都会对这父女俩的。	cr21
李兆麟女儿张卓娅讲述抗联历史	cr21
董必武之子董良翮与24名知青回晋州“探亲”,老知青围住当年的老支书嘘寒问暖。	cr21
14世纪末独立,15世纪中叶,桑尼·阿里建桑海帝国,最盛时期统治范围西达大西洋岸,东抵豪萨地区,向北几达摩洛哥南部,称霸西苏丹	cr28
刘晓东,男,1960年1月15日出生安徽省霍山县,中国药科大学硕士毕业,现为中国药科大学教授	cr4
1258年,旭烈兀西征时率领的12000大军攻陷阿拉伯帝国首都巴格达,哈里发穆斯台绥木投降后被杀,阿拔斯王朝结束	cr28
1985-1999年,大豐銀行常務董事總經理何厚鏵先生連續五屆出任澳門銀行公會主席	cr28
9月6日下午,朝阳市人民政府于言良市长、武永存副市长、凌钢集团董事长张振勇及朝阳市经信委、科技局负责人等一行11人来所开展合作交流活动	cr28
4月28日,中国宇航学会换届,马兴瑞当选为理事长	cr28
10月14日,自治区党委书记李建华、吴忠市委书记赵永清一行会见了高盛亚洲有限公司董事总经理及联席主席周之扬、海通证券股份有限公司副总裁任澎等商界精英。	cr28
郑又荣1989年12月14日出生,身高1米82,体重78公斤,他在2015日本J联赛赛季出场38次,只有两次没有打满90分钟	cr2
1月29日晚,远光软件(002063,股吧)(002063)发布公告,黄建元先生辞去公司总裁职务,原执掌公司科研、营销和投资工作的高级副总裁黄笑华先生接任	cr28
米罗·采拉尔,1963年8月25日出生,曾是一位律师,卢布尔雅那大学法学系教授,及斯洛文尼亚以后法律顾问	cr2
公司地点2007年泰雷兹阿莱尼亚宇航公司在法国、意大利、西班牙、比利时和美国五个国家的13个工业地点拥有7200名员工	cr29
10日下午,在常州市第十五届人民代表大会第三次会议上,常州市委副书记、代市长费高云当选常州市市长	cr28
2001年末,金大中长子金弘一被曝涉嫌腐败;次年,二儿子金弘业被控受贿48亿韩元和逃税,被判入狱3年零6个月;三儿子金弘杰被控受贿35亿韩元,被判入狱。	cr21
黄克诚大将之子黄煦:红军精神是不达目的决不罢休的精神。	cr21
李佼(LiJiao,1973年1月15日),荷兰乒乓球运动员	cr2
1992年5月,毛森在夫人胡德珍、长子毛建光陪同下,自美国回大陆观光探亲、祭祖扫墓	cr20
蒋有绪院士 ,1954 年北京大学生态学与地植物学学士毕业, 1957-1959 年在前苏联科学院森林研究所进修	cr16
6月下旬,我去徐帅家取书名题字时,将许继慎的夫人谭冠玉于抗战期间在广东病故、正在寻找许继慎的遗孤许民庆等情况告诉了徐帅的秘书郭春福,他听后说:“建国后，徐帅曾寻找过谭冠玉母子，但没有成功。”	cr21
巴金的女儿李小林和儿子李小棠以及巴老的孙辈们身着黑衣,表情非常悲伤。	cr21
郝水先生,1926年生于内蒙古通辽,1949年毕业于东北师大前身东北大学博物系,并留校工作	cr16
章孝慈与其夫人赵申德有一子一女,章劲松及章友菊	cr21
夏琨塔拉·戴维(英语:Shakuntala Devi,1929年11月4日-2013年4月21日),印度女性,曾是神童和著名心算家,有“人脑计算机”的美称	cr2
王兆国之子已被拘押 中央警告“别仗靠山” 王兆国多维新闻:近日有关中共前政治局委员、全国人大前副委员长王兆国之子王新亮卷入多个重大案件的消息在	cr21
1952年,王景唐从上海交通大学化学系毕业,分配到中国科学院金属研究所工作	cr16
廖耀湘,1936年以第一名毕业于法国圣西尔军校	cr16
20年前,A Bathing Ape的主理人NIGO(長尾智明)與Undercover的主理人高橋盾,在原宿街頭合作開設了一家名為“NOWHERE”的潮流店鋪,並主營APE的服飾	cr28
天野浩出生于1960年9月11日,靠勤奋和名师指点取得科研成就,30岁时即实现电子工程的重大突破	cr2
高准翼出生于1995年8月21日,身高1米86,体重70公斤,球场上司职中后卫,2014年加盟日本J2联赛富山胜利,2015年转会J2联赛福冈黄蜂	cr2
1953年7月,赵其国从华中农学院毕业分配到中国科学院南京土壤所,不久,即由组织决定,跟随华南工作队到华南一带进行土壤调查工作	cr16
“求是科技基金会”由查济民先生(1914-2007)及家族于1994年在香港创立	cr34
梅州中学创建于1904年，清末著名外交家、诗人黄遵宪和地方名士吴登初、黄文彬等是学校创始人。	cr34
菲尔·斯佩克特(英语:Phil Spector,1939年12月26日-)是一位美国音乐制作人和作曲人,发明了声墙制作模式	cr2
吴觉农早年毕业于浙江省中等农业技术学校,后出国日本研究茶叶,回国后开始一生茶叶之路	cr16
罗伯特·库伦(Robert Cullen,カレン ロバート,bd|1985年|6月7日|||Cullen, Robert),出生于茨城县土浦市,北爱尔兰裔日本足球运动员,现效力于荷兰足球甲级	cr4
任正非女儿叫孟晚舟,任平与孟晚舟均为任正非与前妻孟某所生	cr21
丹麦品牌Bang & Olufsen(缩写:“B&O”,于2014年宣布官方中文名称为“铂傲”)由工程师Peter Bang和Svend Olufsen于1925年在丹麦的斯特鲁尔(Struer)创立	cr34
邵帅(1989年1月2日—),中国足球运动员,辽宁省大连市人,司职后卫	cr2
10月21日,陆丰市委副书记、市长邱晋雄带领市府办、财政局一行到陆丰国税调研组织收入工作	cr28
罗斯汀·格里菲斯(Rostyn Griffiths,1988年3月10日-)是一名出生于英格兰的澳大利亚足球运动员,现效力于中国足球超级联赛球队广州富力,司职防守中场	cr4
1950年,李光耀与同为华人的律师柯玉芝结婚,并育有三位子女:李显龙、李显扬和李玮玲。	cr21
益若翼,1985年10月13日出生于琦玉县越谷市的日本	cr2
艾丝蒂·金兹堡-艾丝蒂·金兹堡,女,1990年3月6日生于特拉维夫,以色列演员	cr2
1957年夏张悦楷调回广东话剧院，并与何蕴华结婚。	cr20
12月11日,太湖县县长程志翔一行在S362赤百公路建设项目负责同志等的陪同下,深入赤百公路工程建设施工现场检查指导工作	cr28
姚任祥,一个我们听来或许还有些陌生的名字,但她出身名门,是京剧名伶顾正秋和台湾前“财政厅长”任显群的小女儿,也是国际知名建筑师姚仁喜的妻子	cr20
涂院士首先向大家介绍了兰州大学校友冯小明教授,大家以热烈的掌声欢迎冯教授回家	cr16
张志新被打成“现行反革命分子”时,女儿曾林林12岁,儿子曾彤彤3岁	cr21
2009 年 6 月 1 日,Patrick De Maeseneire 接任 Dieter Scheiff,成为德科集团执行长	cr28
彭真和张洁清夫妇共有四个儿女,长子傅锐、女儿傅彦、三子傅洋、小儿子傅亮	cr21
斯特凡·塞塞尼翁/Stephane Sessegnon,是一名贝宁足球运动员,目前效力英格兰足球超级联赛的西布罗姆维奇足球俱乐部	cr4
化学,常人听起来难免觉得枯燥,而几十年前,孙汉董就是云南大学化学系的高材生,正是化学,让他找到了人生的目标	cr16
長老人為美籍婆婆格特魯德·韋弗(Gertrude Weaver),生於1898年7月4日,	cr2
潘迪生太太余桂珠有一对子女。	cr20
保罗·戴维斯,生于1946年4月22日,是英国物理学家,作家,曾任教于亚利桑那州立大学,剑桥大学等处	cr2
9月15日下午,中国邮政集团公司总经理、中国邮政储蓄银行董事长李国华在京会见花旗集团首席执行官高沛德(Michael Corbat)一行,双方就当前全球经济形势交换了意见	cr28
杨泽志(1991年2月11日-),是一名中国足球运动员,效力于中国足球超级联赛球队杭州绿城,司职中场	cr2
如今中国电影导演协会现有正式会员317名,包括一批著名的电影导演,以及一批新生代的导演	cr29
如陈有汉家族的盘古银行,是泰国最大的商业银行,总资产超过510亿美元;正大集团则是泰国最大的多元化跨国企业集团,全球雇员超过25万人	cr29
本论文是以梁启超所创办的《庸言》为研究对象，介绍其杂志创办的历史背景和创办过程，对《庸言》做全面的栏目梳理及版面分析。	cr34
李曙光,地球化学家,1941年出生于陕西咸阳, 1965年毕业于中国科学技术大学近代化学系地球化学专业,毕业后留校任教至今	cr16
昂山素季的父亲昂山曾经接受日本帮助。	cr21
陳志勇(Shaun Tan)1974年出生在澳洲的陳志勇,父親是馬來西亞的華僑,在1960年代移民到澳洲,母親則是澳洲人	cr2
向刑事局檢舉的是南港輪胎新任董事長江慶興;他今年三月從台北市警局後勤科長退休,甫掌舵南港輪胎就火速斬內賊立威	cr28
刘亚楼的大儿子刘煜南、二儿子刘煜奋捧着刘亚楼的大幅遗照先下了飞机,小儿子刘煜宾捧着骨灰盒紧随其后	cr21
前日上午6时许,西南交通大学校友、著名材料科学家、中国科学院院士肖纪美因病在北京逝世,享年94岁	cr16
人物简介 塞斯·梅耶斯(Seth Meyers) 生于1973年12月28日,是一位美国喜剧演员,目前负责主持美国NBC电视台的热门节目《Saturday Night Live》(SNL:周末夜现场)中	cr2
本站讯(记者 李贤)9月14日下午,国资委“第一代掌门人”李荣融校友回到母校天津大学,受聘为“天津大学管理与经济学部名誉主任”。	cr16
2010年9月20日,国家宗教事务局蒋坚永副局长会见了到访的美国乔治城大学董事会主席保罗·塔利亚布一行	cr28
胡乔木的儿子胡石英在网上晒一张习近平2006年从浙江回到京，在浙江大厦请客的照片,照片可谓阵容强大。	cr21
我会马上向关东州总督大岛义昌大将阁下,朝鲜军司令官长谷川好道大将阁下,以及参谋总长奥保巩大将阁下请求支援的	cr28
“胡庚”是“树下野狐”的同义词,树下野狐-树下野狐,男,原名胡庚,福建人,毕业于北京大学	cr16
9月27日，遭到毁灭性轰炸后，华沙投降，波兰军事抵抗瓦解。	cr37
2014年10月17日 福建省福鼎市包江苏市长一行莅临李山投资集团考察,由李山投资集团董事长胡奇峰、总经理卢成堆等管理层陪同	cr28
彭丽媛与习近平有一个独生女儿,小名叫木子,大名叫习明泽	cr21
她的父亲杨国强是碧桂园的创始人，杨国强为人低调，２００５年将的股份转给了毕业于美国俄亥俄州立大学二女儿杨惠妍。	cr16
当赵锡永在不断开新公司的同时,妻子关岩也于2000年6月28日成立了一家属于自己的公司——沈阳裕民汽车零部件有限公司	cr20
1844年,圣文森特·比奇(St. Vincent Beechey)创建了罗塞尔学校,与提前一年创建的莫尔伯勒学	cr34
沈雅颖(Shen Yaying,1994年1月17日-),福建漳州人,中国女子羽毛球运动员	cr2
11月,廖运泽的堂兄、第85军第110师师长廖运周(黄埔军校第5期毕业生)在淮海	cr16
伊基·阿塞莉娅(Iggy Azalea),1990年6月7日出生于澳大利亚悉尼,是澳大利亚籍在美国发展的饶舌歌手	cr2
19時許,胡錦濤和夫人劉永清,在澳門特別行政區行政長官何厚鏵和夫人劉渭楨陪同下來到這裡,出席慶祝澳門回歸祖國五周年盛大晚宴	cr20
安徽工业大学在职教职工1895人，专任教师1175人，其中教授146人、副教授355人，具有博士学位教师239人。	cr29
2015年7月3日,中央纪委监察部网站发布山西省纪委消息:经山西省委批准,山西省阳泉市市委书记洪发科涉嫌严重违纪违法,目前正接受组织调查	cr28
1964年出生、具有博士学位的江苏省政府副秘书长陆志鹏,拟推荐为泰州市市长人选;但官方尚未披露现任泰州市长徐郭平的任职去向	cr28
与富勒姆一战,诺维奇大量替补出战,1995年2月24日出生的雅各布·墨菲在第80分钟替换下了自己的双胞胎兄弟约什·墨菲,完成了成年队首秀	cr2
洪孟民-洪孟民,1931年1月1日出生,浙江临海人,1953年毕业于上海第一医学院,分子遗传学家,中国科学院上海植物生理研究所研究员,1991年当选为中国科学院院士	cr16
大约北京时间今天上午十点左右,受邀访问朝鲜的韩国前总统金大中遗孀李姬镐乘坐的飞机抵达了平壤顺安机场,开始了她对朝鲜为期四天的访问	cr20
德国汉高公司(Henkel)宣布,自2016年5月1日起,Hans Van Bylen接替已在汉高管理委员会效力11年的Kasper Rorsted担任汉高首席执行官(CEO)	cr28
埃韦顿·里贝罗1989年4月10日出生于巴西阿鲁雅,是巴西足球运动员	cr2
6月30日,刘亚楼将军之子、中科院理论物理研究所研究员刘煜奋携夫人回到故乡,与干部群众一起座谈交流,欢庆“七一”。	cr21
施寄青是國立政治大學中文系的高材生,英文造詣深厚,曾走文青路線,畢業後與一外交官結婚,育有段奕倫、段奕德兩子,生活看似順遂,但因夫婿外遇而黯然結束	cr16
南都周刊专访林培瑞之完整版林培瑞简介:林培瑞(Perry Link),美国著名汉学家,一九四四年出生于南卡罗来纳州,一九七六年获哈佛大学哲学博士	cr16
当Clockenflap 的创办人 Justin Sweeting 最先着手做这件事时,他还得在官网上放一段类似简介的话:“什么是音乐节?”以及“人们在音乐节上都会干些啥?”…	cr34
威廉·伯格斯·达·席尔瓦(Willian Borges da Silva,1988年8月9日—),生于巴西里贝朗普雷皮雷,巴西足球运动员,司职前腰,现效力于英超联赛切尔西足球	cr2
黄菊之女黄凡于1995年嫁给旅美台湾报人方大川之子方以伟,这在当时也令他备受指责。	cr21
1997年,模仿台湾“好又多”量贩超市的模式,王任生在郑州市人民路投资建设了占地5.3万平方米的丹尼斯百货公司,搞起了量贩超市,一时生意兴隆	cr34
前任Packard Bell NEC 首席执行官Beny Alagem从近况不佳的三星子公司AST Research获得授权, 将以AST的商标制造PC机	cr34
梦工厂动画公司本质上是卡森伯格、史蒂夫·斯皮尔伯格(Steven Spielberg)和大卫·格芬(David Geffen)1994年创立的一个引人注目的商业集团剩下的唯一一块拼图	cr34
16日,六盘水市市委副书记、市长周荣在市政府秘书长罗资湘、副秘书长、市消防支队长曹进的陪同下,深入水城公安消防大队调研消防工作	cr28
11月24日下午,舒城县委书记金德元在县联合接访中心接待2批7位信访群众	cr28
7月14至15日,徐工集团董事长、党委书记王民率该集团高管一行8人访问中国重汽	cr28
2011年6月9日,刘力贞老人在父亲遗像前,讲述父亲刘志丹故事。	cr21
马蒂亚斯·萨默尔(MatthiasSammer，1967年9月15日-)出生于东德德累斯顿，前德国足球运动员，现为足球教练。	cr4
谭政长子谭泽代 谭政次子谭竞生 按照年纪,应该都退休了	cr21
《我会好起来》是一部06年拍摄的法国电影,导演菲利普·里奥雷于1955年10月10日出生于法国巴黎,09年拍摄了《非法入境》,他的作品基本上体现了法国电影的一些特点,	cr2
11月19日,亚洲奥林匹克理事会主席艾哈迈德·法赫德·萨巴赫亲王亲临位于增城白水寨的广州飞碟中心,为运动员颁奖	cr28
2015年5月5日上午,昌吉市市委副书记、政府党组书记、市长马红军率工作组到公司现场办公,指导工作	cr28
“叙利亚全国委员会”由270名成员组成,其中至少20名成员宣布成立“叙利亚爱国组织”	cr29
1月21日17时30分,在克拉玛依代表团分组讨论会场,自治区人大代表、克拉玛依市委书记陈新发阐述了自己对克拉玛依石油发展的前景规划	cr28
5月22日晚间,全球市值最大、最赚钱银行中国工商银行发布公告,正式宣布由易会满接替超期服役的杨凯生担任行长一职	cr28
莱安多·巴库纳-莱安多·巴库纳(LeandroBacuna), 国籍为荷兰,出生于1991年8月21日, 职业为足球运动员	cr2
首枚世锦赛奖牌得主王嘉男出生于1996年8月27日	cr2
10月15日,濉溪县委书记李加玉督查棚户区改造项目工作	cr28
帕特里克·麦克奈尔(又名:帕迪·麦克奈尔)出生于1995年4月27日,是一名北爱尔兰足球运动员,现效力于英超球队曼联	cr2
2011年1月,李同道步入日照市政坛任市委副书记,副市长、代市长,5个月后获“扶正“	cr28
贺子珍(1909——1984)，女，原名桂圆，又名自珍，江西省永新县黄竹岭人，毛泽东的第二任妻子。	cr20
1970年10月,時年僅23歲的鳥井末治在大阪創立日本物產,不過這個稱呼後來主要被用在其家用機遊戲方面,在街機方面則使用Nichibutsu的名稱,這與南夢宮當年分別在街機領域	cr34
2015年9月9日,中信海直董事长毕为、总经理刘铁雄等参加了第三届中国天津国际直升机博览会并开展相关合作交流活动	cr28
1973年10月底，送母亲李秀文回国，李幼邻仍返美国经商。	cr21
民國七十七年十二月一日,時報文化事業董事長余紀忠先生在時報新大樓落成暨工商時報創刊十週年慶祝酒會上,宣佈成立「余紀忠文教基金會」	cr34
西蒙·彼得留拉,乌克兰政客,苏联国内战争时期白军彼得留拉匪帮的头目,1879年5月10日生于沙皇俄国波尔塔瓦,原为乌克兰报纸编辑	cr2
1949年,金正淑据说由于难产去世,金日成续娶的妻子为金圣爱,于五十年代生过两个儿子一一金英一、金平一。	cr21
贝塔斯曼集团董事长托马斯·拉贝说,合并可为兰登书屋和企鹅创造尽可能好的未来	cr28
林义雄因核四禁食逾一周，女儿林奂均上周写信给父亲，希望父亲能活着。	cr21
赫尔曼·布洛赫(德语:Hermann Broch,1886年11月1日-1951年5月30日),奥地利作家,主要作品有小说《梦游者》和《维吉尔之死》	cr2
欧阳奋强:从深圳大学走出的著名导演在87版《红楼梦》中,欧阳奋强饰演的“贾宝玉”成为中国的经典荧屏形象之一	cr16
吳波說,僅僅一所國立中央大學,有72位老師學生後來成為兩院院士,其中包括2011年度國家最高科學技術獎獲得者吳良鏞	cr16
1977年,甄妮嫁給了香港名人鄉紳張人龍的幼子傅聲(本名張富聲)。	cr21
描述: 「杰威爾音樂有限公司」乃源自英文名JVR Music的音譯而來,而JVR則是周杰倫〈Jay〉與多年的合作夥伴方文山〈Vincent〉、楊峻榮〈JR〉三人英文名	cr34
8月18日,赤峰市召开领导干部大会,宣布自治区党委决定:王程熙任中共赤峰市委委员、常委、书记	cr28
2011年,原瑞星CTO刘刚带着几位主持过瑞星多个重要版本的核心技术成员“出走”,创立火绒	cr34
秦基博-秦基博,1980年10月11日出生于日本宫崎县,日本男歌手	cr2
高耀洁(1927年-),汉族[1],生于山东曹县,1954年毕业于河南大学医学院,河南中医学院退休教授,妇科肿瘤专家,河南省第七届人民代表大会代表[2],河南省文	cr16
许光达和夫人邹靖华在延安生活的4年中,生下两个孩子,女儿许玲玲和儿子许延滨	cr21
出生于1950年的潘绥铭,1984年毕业于东北师范大学历史系,获历史学硕士学位	cr16
羽田亨的儿子羽田明是京都大学教授,他继承了其父在敦煌学方面的衣钵	cr21
黄宇翔出生于1993年1月25日,身高1.80米,是我国羽毛球运动员的新星代表之一	cr2
唐·辛普森,职业演员、制片人,1943年10月29日出生于美国西雅图	cr2
井上健,1924年出生于夏威夷州檀香山的一个日本移民家庭,是美国任期最长的参议员之一	cr4
林仙保与正室吴春金育有三子一女,其中长子为林灵谷、女儿为林珂萍	cr21
7月18日,中国铁路物资股份有限公司执行董事、总裁李文科应中国南车邀请赴中国南车四方股份有限公司参观考察	cr28
例如,埃及亿万富翁纳吉布-萨维瑞斯(Naguib Sawiris)就是反对派自由埃及人党(Free Egyptians)的创始人	cr34
2015年11月20日,梁熙董事长陪同天门市吴锦市长参观考察碧桂园集团总部	cr28
谷丽萍，女，全国青少年宫协会副会长，为令计划的妻子。	cr20
黄克智出生于南昌一个邮局职员家庭,1943年以全省统考第二名的成绩考入国立中正大学,1948年考取清华大学研究生	cr16
萧劲光大将之子萧新华——武警部队高级军官	cr21
 林西莉林西莉(塞西丽娅·林德奎斯特),1932年6月4日生于瑞典隆德	cr2
2004年,伍克波结识现橙天娱乐集团总经理庄立奇,决定“一起做点事情”	cr28
貝勒尼基一世(希臘語:Βερεν?κη,約前340年～前279年或前277年)是古埃及托勒密王朝國王托勒密一世的王后和共治者	cr20
吉村公三郎(1911年9月9日 — 2000年11月7日)日本电影导演	cr2
载漪的大福晋,即慈禧的亲侄女叶赫那拉·静芳,在产下长子溥僎之后就去世了	cr21
12月19日,临泉县政协主席罗惠新轻车简从,到谢集乡调研精准扶贫和易地扶贫搬迁工作	cr28
长春农商银行共有员工1175人，员工平均年龄为29周岁，研究生45人，本科学历785人，高级职称5人，助理及以上职称60人，金融相关专业人员占比60%以上。	cr29
9月7日下午,王朔女儿王咪出嫁,婚宴设在北京霄云路的一家法国餐厅。	cr21
罗荣桓一生有过两任妻子,生育了罗玉英、罗东进、罗北捷、罗宁等孩子	cr21
為了避嫌,馬唯中立即決定離開臺灣,去美國 報考哈佛大學生命科學係, 之後又進入紐約大學博物館係攻讀碩士學 位	cr16
神田沙也加,女,外文名かんだ さやか,国籍日本,1986年10月1日出生于日本东京都	cr2
德铁辛克物流是世界领先的物流公司，在2011年拥有超过62000名员工，年营业额近149亿欧元。	cr29
特洛伊·希文·梅莱(1995年6月5日—),也译作特洛耶·希文,昵称“小T”,南非犹太人	cr2
出版社的责任编辑叫樊亢,是我后来在《经济日报》工作时的总编辑安岗的夫人	cr20
吳伯雄則由夫人戴美玉、二姊吳雪梅、妹妹吳瑞枝、女兒吳璧玲、姪子吳志偉、么子吳志剛陪同出席,另外,國民黨中央評議委員李建榮、國民黨組發會副主委陳	cr21
琼毛雍仲彭措林寺 - 简介  琼毛寺的创建者为索僧东巴益喜坚赞	cr34
淡路惠子-淡路惠子(日语:淡路恵子,1933年7月17日-2014年1月11日),是一名日本电影演员	cr2
童振源是美國約翰霍普金斯大學高階國際研究學院(SAIS)博士,他的專長是國際政治經濟、中國經濟發展、及預測市場等	cr16
49年来，EF英孚教育遍布全球52个国家，员工多达37000多人，帮助了1500多万学员，EF英孚教育已经把世界变成了一个大课堂。	cr29
5月17日,运城市第二届人民代表大会第五次会议选举张建合为运城市人大常委会主任	cr28
河北经贸大学有教职工2100余人，其中专任教师1100余人。	cr29
1831年至1861年,阿根廷诸省成立了一个松散的邦联,称为阿根廷邦联,胡安·曼努埃尔·德·罗萨斯实行独裁统治	cr28
王金平女儿王馨敏今年30岁,从美国学成返台后没有从事从政工作	cr21
1985年7月13日,名为“拯救生命”的演唱会在伦敦和费城同时举行,该活动由Bob Geldof和Midge Ure发起,旨在为发生在埃塞俄比亚的饥荒筹集资金,演出一直持续了16个小时	cr34
理查德·哈蒙德,1969年12月19日出生于英国英格兰,英国主持人、作家、配音	cr2
2014年7月13日,湖北省天门市市委书记柯俊率考察团来商会考察,商会在呼主要领导、部分天门籍领导出席了此次招商座谈会,参观考察了部分商会企业	cr28
金日成的第一任妻子为金正淑(或写作金贞淑),生有两子一女:金正日、金万一(俄文名为舒拉,1947年在平壤溺死)和金敬姬。	cr21
李先念女儿李劲先后任中共黄安县区委书记,中共湖北省委书记、中原局委员,组成西路军1962年兼任国家计委副主任1946年奉命率部到鄂、豫等地区坚持游击	cr21
张悦楷与妻子何蕴华在话剧团期间，参与多部话剧的演出。	cr20
萨默尔，全名马蒂亚斯·萨默尔(MatthiasSammer，1967年9月5日-)出生于东德德累斯顿，是一名前德国足球运动员，现在担任拜仁慕尼黑俱乐部的体育主管一职。	cr4
宋泽本名宋光强,1985年出生于湖北襄阳一个山村,小时侯梦想成为侠客行侠仗义走遍四方,2010年毕业于中南财经政法大学,主修国际政治专业,同时辅修金融学	cr16
8月20日上午,日本亚洲航空公司社长石井知祥在东京千代田区召开记者会,宣布公司将从11月1日起更名为“Vanilla Air(香草航空)”	cr28
16日上午,在文山壮族苗族自治州第十二届人民代表大会第四次会议上,进行了州长的补选,黄文武同志当选为文山州州长	cr28
刘伯承,刘太行合影刘太行,刘伯承元帅的长子,少将军衔,1939年出生于炮火连天的太行山抗日前线,毕业于哈尔滨军事工程学院.	cr21
新百伦公司目前在全球有3908名雇员，其中美国本土为2508人，包含美国本土运动鞋工厂和配送中心雇员1285人。	cr29
出生于1985年的李忠成出生在日本,但却是韩国后裔	cr4
威廉·伯格斯·达·席尔瓦(Willian Borges da Silva,1988年8月9日—),生于巴西里贝朗普雷皮雷,巴西足球运动员,司职前腰,现效力于英超联赛切尔西足球	cr2
蕭新煌教授1971年國立台灣大學社會學系畢業,1976年和1979年分別取得美國紐約州立大學(水牛城)社會學碩士和博士	cr16
1956 台灣 廖文毅在日本東京成立台灣共和國臨時政府	cr28
林海音的长子夏祖焯昨天表示，林海音的遗体火化后将安葬在金宝山墓园，葬礼一切从简。	cr21
兰亭集势成立于2007年,由郭去疾、文心、张良、刘俊等联合创办	cr34
初識時池田敏雄時年二十二,黃鳳姿未滿十歲,兩人於黃鳳姿十八歲時結婚	cr20
2011年7月:瑞银任命前德国央行行长Axel Weber担任新一届瑞银集团主席,紧接着瑞银宣布将会裁员3500人,并削减20亿瑞郎的成本	cr28
2014年8月1日,ChinaJoy高峰论坛在上海浦东嘉里酒店举行,盛大文学董事长兼首席执行官邱文友在会上发言后,接受了媒体第一游戏的采访	cr28
孙枢,著名沉积学家,沉积大地构造学家和科技管理专家.1933年出生于江苏省金坛,1953年毕业于南京大学地质系,随后分配到中国科学院地质研究所工作,历任研究实习员、助理	cr16
亚历山大·斯图布(Alexander Stubb)1968年4月1日出生于芬兰首都赫尔辛基,1999年获得英国伦敦经济政治学院博	cr2
